{"name":"\u0987\u09a8\u09cd\u09a1\u09bf\u09df\u09be\u09a8 \u09b0\u09bf\u09ad\u09be\u0987\u099c\u09a1 \u09ad\u09be\u09b0\u09cd\u09b8\u09a8 (IRV) - \u09ac\u09c7\u0999\u09cd\u0997\u09b2\u09c0 ","shortname":"\u09ac\u09c7\u0999\u09cd\u0997\u09b2\u09c0 IRV","module":"bn_irv","year":"2018","publisher":"Bridge Connectivity Solutions","owner":"Bridge Connectivity Solutions","description":"<h2>\u0987\u09a8\u09cd\u09a1\u09bf\u09df\u09be\u09a8 \u09b0\u09bf\u09ad\u09be\u0987\u099c\u09a1 \u09ad\u09be\u09b0\u09cd\u09b8\u09a8 (IRV) - \u09ac\u09c7\u0999\u09cd\u0997\u09b2\u09c0<\/h2><h2>Bengali: \u0987\u09a8\u09cd\u09a1\u09bf\u09df\u09be\u09a8 \u09b0\u09bf\u09ad\u09be\u0987\u099c\u09a1 \u09ad\u09be\u09b0\u09cd\u09b8\u09a8 (IRV) - \u09ac\u09c7\u0999\u09cd\u0997\u09b2\u09c0 (Bible)<\/h2><h2>\u092c\u0902\u0917\u093e\u0932\u0940 \u092d\u093e\u0937\u093e \u092e\u0947\u0902 \u092a\u0935\u093f\u0924\u094d\u0930 \u092c\u093e\u0907\u092c\u093f\u0932<\/h2><p>copyright \u00a9 2018 <a href=\"https:\/\/bridgeconn.com\/\">Bridge Connectivity Solutions Pvt. Ltd.<\/a><br>Language: <a href=\"http:\/\/www.ethnologue.org\/language\/ben\">\u09ac\u09be\u0982\u09b2\u09be (Bengali)<\/a><br>Contributor: Bridge Connectivity Solutions Pvt. Ltd.<br>&nbsp;<\/p><p>This translation is made available to you under the terms of the <a href=\"http:\/\/creativecommons.org\/licenses\/by-sa\/4.0\/\">Creative Commons Attribution Share-Alike license 4.0.<\/a><\/p><p>You have permission to share and redistribute this Bible translation in any format and to make reasonable revisions and adaptations of this translation, provided that:<\/p><ul><li>You include the above copyright and source information.<\/li><li>If you make any changes to the text, you must indicate that you did so in a way that makes it clear that the original licensor is not necessarily endorsing your changes.<\/li><li>If you redistribute this text, you must distribute your contributions under the same license as the original.<\/li><\/ul><p>Pictures included with Scriptures and other documents on this site are licensed just for use with those Scriptures and documents. For other uses, please contact the respective copyright owners.<\/p><p>Note that in addition to the rules above, revising and adapting God's Word involves a great responsibility to be true to God's Word. See Revelation 22:18-19.<\/p>","lang":null,"lang_short":"bn","copyright":0,"copyright_id":7,"copyright_statement":"","url":null,"citation_limit":0,"restrict":0,"italics":0,"strongs":0,"red_letter":0,"paragraph":0,"official":1,"research":1,"hebrew_text_id":null,"greek_text_id":null,"translation_type_id":null,"rank":1000,"module_v2":null,"module_version":"5.5.2","importer":null,"import_file":null,"delimiter":"|","fields":["book","chapter","verse","text","italics","strongs"]}