{"name":"\u1218\u133d\u1210\u134d \u1245\u12f1\u1235","shortname":"\u1218\u133d\u1210\u134d \u1245\u12f1\u1235","module":"am_amh","year":"1962, 2003","publisher":"United Bible Societies","owner":"United Bible Societies","description":"<h2>\u1218\u133d\u1210\u134d \u1245\u12f1\u1235<\/h2><h2>The New Testament in the Amharic language of Ethiopia<\/h2><p>copyright \u00a9 1962, 2003 <a href=\"http:\/\/biblesociety-ethiopia.org\/\">United Bible Societies<\/a><br>Language: <a href=\"http:\/\/www.ethnologue.org\/language\/amh\">\u12a0\u121b\u122d\u129b (Amharic)<\/a><br><br><strong>Amharic NT<\/strong><br>Revised Amharic Bible in XML (2003).<br>Printed version by <a href=\"http:\/\/www.biblesociety.org\/\">United Bible Societies<\/a> (C)1962.<br>E-Text in transliterated ASCII format by Lapsley\/Brooks Foundation 1994.<br>Unicode UTF-8 transformation and XML-tagging by Dirk R\u00f6ckmann 2003 (<a href=\"http:\/\/www.nt-text.net\/\">www.nt-text.net<\/a>).<br>With kind permission of the Bible Society of Ethiopia.<br>Every non-commercial work using this data in any form must fully include this copyright statement!<br>Every commercial use of parts or the complete data in any form needs written permission of the Bible Society of Ethiopia!<\/p>","lang":null,"lang_short":"am","copyright":0,"copyright_id":3,"copyright_statement":"<p>copyright \u00a9 1962, 2003 <a href=\"http:\/\/biblesociety-ethiopia.org\/\">United Bible Societies<\/a><br>Language: <a href=\"http:\/\/www.ethnologue.org\/language\/amh\">\u12a0\u121b\u122d\u129b (Amharic)<\/a><br><br><strong>Amharic NT<\/strong><br>Revised Amharic Bible in XML (2003).<br>Printed version by <a href=\"http:\/\/www.biblesociety.org\/\">United Bible Societies<\/a> (C)1962.<br>E-Text in transliterated ASCII format by Lapsley\/Brooks Foundation 1994.<br>Unicode UTF-8 transformation and XML-tagging by Dirk R\u00f6ckmann 2003 (<a href=\"http:\/\/www.nt-text.net\/\">www.nt-text.net<\/a>).<br>With kind permission of the Bible Society of Ethiopia.<br>Every non-commercial work using this data in any form must fully include this copyright statement!<br>Every commercial use of parts or the complete data in any form needs written permission of the Bible Society of Ethiopia!<\/p>","url":null,"citation_limit":0,"restrict":0,"italics":0,"strongs":0,"red_letter":0,"paragraph":0,"official":1,"research":1,"hebrew_text_id":null,"greek_text_id":null,"translation_type_id":null,"rank":1000,"module_v2":null,"module_version":"5.6.20alpha","importer":null,"import_file":null,"delimiter":"|","fields":["book","chapter","verse","text","italics","strongs"]}