{"name":"Martin","shortname":"Martin","module":"martin","year":"1744","publisher":null,"owner":null,"description":"<html><head><meta http-equiv=\"Content-Type\" content=\"text\/html; charset=UTF-8\"><\/head><body><b>French: Martin (1744)<\/b><p \/>La Bible David Martin, 1744\n<p \/>\nDownloaded from <a href=\"http:\/\/desmond.oshea.free.fr\/BibleMartin\/Bible%20Martin%201744\/Bible%20Martin%201744.html\" target=\"_blank\">http:\/\/desmond.oshea.free.fr\/BibleMartin\/Bible%20Martin%201744\/Bible%20Martin%201744.html<\/a><\/body><\/html>\r\n<br \/><br \/>This Bible imported from The Unbound Bible <a href='http:\/\/unbound.biola.edu\/'>http:\/\/unbound.biola.edu\/<\/a>","lang":"French","lang_short":"fr","copyright":0,"copyright_id":1,"copyright_statement":"","url":null,"citation_limit":0,"restrict":0,"italics":0,"strongs":0,"red_letter":0,"paragraph":0,"official":1,"research":0,"hebrew_text_id":null,"greek_text_id":null,"translation_type_id":null,"rank":140,"module_v2":"martin","module_version":"5.6.20alpha","importer":null,"import_file":null,"delimiter":"|","fields":["book","chapter","verse","text","italics","strongs"]}