{"name":"Martin","shortname":"Martin","module":"martin","year":"1744","description":"<html><head><meta http-equiv=\"Content-Type\" content=\"text\/html; charset=UTF-8\"><\/head><body><b>French: Martin (1744)<\/b><p \/>La Bible David Martin, 1744\n<p \/>\nDownloaded from <a href=\"http:\/\/desmond.oshea.free.fr\/BibleMartin\/Bible%20Martin%201744\/Bible%20Martin%201744.html\" target=\"_blank\">http:\/\/desmond.oshea.free.fr\/BibleMartin\/Bible%20Martin%201744\/Bible%20Martin%201744.html<\/a><\/body><\/html>\r\n<br \/><br \/>This Bible imported from The Unbound Bible <a href='http:\/\/unbound.biola.edu\/'>http:\/\/unbound.biola.edu\/<\/a>","lang":"French","lang_short":"fr","copyright":0,"italics":0,"strongs":0,"official":1,"research":0,"rank":140,"module_v2":"martin","delimiter":"|","fields":["book","chapter","verse","text","italics","strongs"]}