{"name":"Reina-Valera 1909 w\/Strong's","shortname":"RV1909 S","module":"rv_1909_strongs","year":"","publisher":null,"owner":null,"description":"\r\n<h2 align=\"center\"><b>Biblia Reina-Valera 1909<br>con n\u00fameros de Strong<\/b><\/h2>\r\n<p align=\"center\"><b>2017 Edition<\/b><\/p>\r\n\r\n<p align=\"center\">La Santa Biblia<br>\r\nAntiguo y Nuevo Testamento<\/p>\r\n<p align=\"center\">\r\nAntigua versi\u00f3n de Casiodoro de Reina (1569), revisada por Cipriano de Valera (1602)<br>\r\ny cotejada posteriormente con diversas traducciones, y con los textos hebreo y griego.<\/p>\r\n<p align=\"center\">\r\nSociedad B\u00edblica Americana<br>\r\nSociedad B\u00edblica Brit\u00e1nica y Extranjera<\/p>\r\n<p align=\"center\">\r\nThe text of Reina-Valera 1909 is in the public domain.<br> \r\nStrong's numbers tagging developed by Rub\u00e9n G\u00f3mez.<\/p>\r\n<p align=\"center\">\r\nPeriodic updates will be made to the Strong's numbers tagging. Please report any typos to the editor: rubeng@infotelecom.es<\/p><br \/><br \/>This Bible imported from Bible Analyzer <a href='http:\/\/www.bibleanalyzer.com\/download.htm'>http:\/\/www.bibleanalyzer.com\/download.htm<\/a>","lang":"","lang_short":"es","copyright":0,"copyright_id":1,"copyright_statement":"","url":null,"citation_limit":0,"restict":0,"italics":0,"strongs":0,"red_letter":0,"paragraph":0,"official":1,"research":1,"hebrew_text_id":null,"greek_text_id":null,"translation_type_id":null,"rank":1000,"module_v2":null,"importer":null,"import_file":null,"delimiter":"|","fields":["book","chapter","verse","text","italics","strongs"]}