{"name":"Maori Bible","shortname":"Maori","module":"maori","year":"","description":"<html><head><meta http-equiv=\"Content-Type\" content=\"text\/html; charset=UTF-8\"><\/head><body><b>Maori<\/b><p \/>Maori Bible prepared by Timothy Mora.\n<p \/>\nText reproduced by Dr. Cleve Barlow.<\/body><\/html>\r\n<br \/><br \/>This Bible imported from The Unbound Bible <a href='http:\/\/unbound.biola.edu\/'>http:\/\/unbound.biola.edu\/<\/a>","lang":"Maori","lang_short":"mi","copyright":0,"italics":0,"strongs":0,"official":1,"research":0,"rank":270,"module_v2":"maori","delimiter":"|","fields":["book","chapter","verse","text","italics","strongs"]}