{"name":"Tradu\u00e7\u00e3o de Jo\u00e3o Ferreira de Almeida Revista e Corrigida.","shortname":"JFA-RC","module":"almeida_rc","year":"","publisher":null,"owner":null,"description":"Tradu\u00e7\u00e3o de Jo\u00e3o Ferreira de Almeida Revista e Corrigida. <BR> Translation of Jo\u00e3o Ferreira de Almeida (corrected). <p> Text received from the js@wordproject.org (www.wordproject.org), <p> and corrected to the portuguese orthography, <BR> used in Portugal (Europe) by the churches. <p> Texto recebido do \u00abWordProject\u00bb com uma ortografia antiga \/\r\n<BR>e corrigido para a mais usada na Europa (Portugal).\r\nN\u00famero de linhas (versos do Antigo Testamento): 23145\r\nN\u00famero total de linhas (versos do Antigo e NOvo Testamento): 31103\r\n(Salmos 1-79):<br \/><br \/>This Bible imported from MySword <a href='https:\/\/mysword.info\/download-mysword\/bibles'>https:\/\/mysword.info\/download-mysword\/bibles<\/a>","lang":"","lang_short":"pt","copyright":0,"copyright_id":1,"copyright_statement":"","url":null,"citation_limit":0,"restict":0,"italics":0,"strongs":0,"red_letter":0,"paragraph":0,"official":1,"research":1,"hebrew_text_id":null,"greek_text_id":null,"translation_type_id":null,"rank":1000,"module_v2":null,"importer":null,"import_file":null,"delimiter":"|","fields":["book","chapter","verse","text","italics","strongs"]}