{"name":"Vietnamese Cadman","shortname":"Cadman","module":"cadman","year":"1934","publisher":null,"owner":null,"description":"<p><strong>Vietnamese (1934)<\/strong><\/p>\n\n<p>The 1934 Vietnamese Bible<br \/>\nPublished without a copyright statement.<br \/>\nThe Bible Text is PUBLIC DOMAIN<\/p>\n\n<p>Text supplied by Mr. Phien Nguyen of Hollywood, Florida<\/p>\n\n<p>1.4 - Modifications by Nguyen Ly<br \/>\n<br \/>\nThis Bible imported from The Unbound Bible <a href=\"http:\/\/unbound.biola.edu\/\">http:\/\/unbound.biola.edu\/<\/a><\/p>\n","lang":"Vietnamese","lang_short":"vi","copyright":0,"copyright_id":1,"copyright_statement":"","url":null,"citation_limit":0,"restrict":0,"italics":0,"strongs":0,"red_letter":0,"paragraph":0,"official":1,"research":1,"hebrew_text_id":null,"greek_text_id":null,"translation_type_id":null,"rank":9999,"module_v2":null,"module_version":"5.6.20alpha","importer":null,"import_file":null,"delimiter":"|","fields":["book","chapter","verse","text","italics","strongs"]}