{"name":"Vietnamese Cadman","shortname":"Vietnamese Cadman","module":"cadman","year":"1934","publisher":null,"owner":null,"description":"<html><head><meta http-equiv=\"Content-Type\" content=\"text\/html; charset=UTF-8\"><\/head><body><b>Vietnamese (1934)<\/b><p \/>The 1934 Vietnamese Bible<br \/>\nPublished without a copyright statement.<br \/>\nThe Bible Text is PUBLIC DOMAIN\n<p \/>\nText supplied by Mr. Phien Nguyen of Hollywood, Florida\n<p \/>\n1.4 - Modifications by Nguyen Ly <\/body><\/html>\r\n<br \/><br \/>This Bible imported from The Unbound Bible <a href='http:\/\/unbound.biola.edu\/'>http:\/\/unbound.biola.edu\/<\/a>","lang":"Vietnamese","lang_short":"vi","copyright":0,"copyright_id":null,"copyright_statement":"","url":null,"citation_limit":0,"restict":0,"italics":0,"strongs":0,"red_letter":0,"paragraph":0,"official":1,"research":1,"hebrew_text_id":null,"greek_text_id":null,"translation_type_id":null,"rank":9999,"module_v2":null,"importer":null,"import_file":null,"delimiter":"|","fields":["book","chapter","verse","text","italics","strongs"]}