{"name":"\u1019\u103c\u1014\u103a\u1019\u102c\u1000\u103b\u1019\u103a\u1038\u1005\u102c Judson 1840","shortname":"\u1019\u103c\u1014\u103a\u1019\u102c\u1000\u103b\u1019\u103a\u1038\u1005\u102c","module":"my_judson","year":"1840","publisher":null,"owner":null,"description":"<h2>\u1019\u103c\u1014\u103a\u1019\u102c\u1000\u103b\u1019\u103a\u1038\u1005\u102c<\/h2><h2>The Holy Bible in the Burmese language of Myanmar, Judson version of 1840<\/h2><p><a href=\"http:\/\/en.wikipedia.org\/wiki\/Public_domain\">Public Domain<\/a><br>Language: <a href=\"http:\/\/www.ethnologue.org\/language\/mya\">\u1017\u1019\u102c (Burmese)<\/a><br>Translation by: Adoniram Judson<br>&nbsp;<\/p>","lang":null,"lang_short":"my","copyright":0,"copyright_id":1,"copyright_statement":"","url":null,"citation_limit":0,"restrict":0,"italics":0,"strongs":0,"red_letter":0,"paragraph":0,"official":1,"research":1,"hebrew_text_id":null,"greek_text_id":null,"translation_type_id":null,"rank":1000,"module_v2":null,"module_version":"5.5.2","importer":null,"import_file":null,"delimiter":"|","fields":["book","chapter","verse","text","italics","strongs"]}