{"name":"Coverdale Bible","shortname":"Coverdale","module":"coverdale","year":"1535","publisher":null,"owner":null,"description":"Miles Coverdale translation (1535)","lang":"English","lang_short":"en","copyright":0,"copyright_id":null,"citation_limit":0,"restict":0,"italics":0,"strongs":0,"red_letter":0,"paragraph":0,"official":1,"research":0,"hebrew_text_id":null,"greek_text_id":null,"translation_type_id":null,"rank":40,"module_v2":"coverdale","importer":null,"import_file":null,"delimiter":"|","fields":["book","chapter","verse","text","italics","strongs"]}