{"name":"Terjemahan Baru","shortname":"Indonesian TB","module":"indo_tb","year":"1994","publisher":"Lembaga Alkitab Indonesia (Indonesian Bible Society)","owner":"Lembaga Alkitab Indonesia (Indonesian Bible Society)","description":"<p>Copyright Lembaga Alkitab Indonesia (Indonesian Bible Society), 1994.<\/p>\n\n<p>Released for non-profit scholarly and personal use.<\/p>\n\n<p>Not to be sold for profit.<\/p>\n\n<p>When making formal public reference to the materials, please acknowlege The Indonesian Bible Society (Lembaga Alkitab Indonesia) as the copyright holder.<br \/>\n<br \/>\nThis Bible imported from Bible Analyzer <a href=\"http:\/\/www.bibleanalyzer.com\/download.htm\">http:\/\/www.bibleanalyzer.com\/download.htm<\/a><\/p>\n","lang":"Indonesian","lang_short":"id","copyright":0,"copyright_id":3,"copyright_statement":"<p>Copyright Lembaga Alkitab Indonesia (Indonesian Bible Society), 1994.<\/p>\n\n<p>Released for non-profit scholarly and personal use.<\/p>\n\n<p>Not to be sold for profit.<\/p>\n\n<p>When making formal public reference to the materials, please acknowlege The Indonesian Bible Society (Lembaga Alkitab Indonesia) as the copyright holder.<\/p>","url":null,"citation_limit":0,"restict":0,"italics":0,"strongs":0,"red_letter":0,"paragraph":0,"official":1,"research":1,"hebrew_text_id":null,"greek_text_id":null,"translation_type_id":null,"rank":9999,"module_v2":null,"importer":null,"import_file":null,"delimiter":"|","fields":["book","chapter","verse","text","italics","strongs"]}