{"name":"Tyndale Bible","shortname":"Tyndale","module":"tyndale","year":"1534","publisher":"","owner":null,"description":"William Tyndale's translation. Includes Genesis through Deuteronomy, Jonah, and the entire New Testament","lang":"English","lang_short":"en","copyright":0,"copyright_id":1,"copyright_statement":"","url":null,"citation_limit":0,"restrict":0,"italics":0,"strongs":0,"red_letter":0,"paragraph":0,"official":1,"research":0,"hebrew_text_id":null,"greek_text_id":null,"translation_type_id":null,"rank":30,"module_v2":"tyndale","module_version":"5.5.2","importer":null,"import_file":null,"delimiter":"|","fields":["book","chapter","verse","text","italics","strongs"]}