{"name":"Luther Bible (1912)","shortname":"Luther (1912)","module":"luther_1912","year":"1912","publisher":null,"owner":null,"description":"<p><strong>German: Luther (1912)<\/strong><\/p>\n\n<p>1912 Lutherbibel<br \/>\n<br \/>\nThis Bible imported from The Unbound Bible <a href=\"http:\/\/unbound.biola.edu\/\">http:\/\/unbound.biola.edu\/<\/a><\/p>\n","lang":null,"lang_short":"de","copyright":0,"copyright_id":1,"copyright_statement":"","url":null,"citation_limit":0,"restrict":0,"italics":0,"strongs":0,"red_letter":0,"paragraph":0,"official":1,"research":1,"hebrew_text_id":null,"greek_text_id":null,"translation_type_id":null,"rank":1000,"module_v2":null,"module_version":"5.0.0alpha1","importer":null,"import_file":null,"delimiter":"|","fields":["book","chapter","verse","text","italics","strongs"]}