{"name":"Synodal","shortname":"Synodal","module":"synodal","year":"1876","publisher":null,"owner":null,"description":"<b>Russian: Synodal Translation (1876)<\/b><p \/><br \/><br \/>This Bible imported from The Unbound Bible <a href='http:\/\/unbound.biola.edu\/'>http:\/\/unbound.biola.edu\/<\/a>","lang":"Russian","lang_short":"ru","copyright":0,"copyright_id":1,"copyright_statement":"","url":null,"citation_limit":0,"restrict":0,"italics":0,"strongs":0,"red_letter":0,"paragraph":0,"official":1,"research":0,"hebrew_text_id":null,"greek_text_id":null,"translation_type_id":null,"rank":240,"module_v2":"synodal","module_version":"5.6.20alpha","importer":null,"import_file":null,"delimiter":"|","fields":["book","chapter","verse","text","italics","strongs"]}