{"name":"Kitaabka Quduuska Ah Adan Jim'ale","shortname":"Kitaabka Quduuska Ah","module":"so_jimale","year":"1979, 2008","publisher":"Society for International Ministries -- Kenya","owner":"Society for International Ministries -- Kenya","description":"<h2>Kitaabka Quduuska Ah<\/h2><h2>The Holy Bible in the Somali language of Somalia, Adan Jim'ale Version<\/h2><p>copyright \u00a9 1979, 2008 <a href=\"http:\/\/www.sim.org\">Society for International Ministries -- Kenya<\/a><br>Language: <a href=\"http:\/\/www.ethnologue.org\/language\/som\">Somali<\/a><br>Translation by: SIM International<br><br>&nbsp;<\/p><h2>Somali, Kitaablka Quduuska Ah<\/h2><p>This translation, published by the SIM, was published in 2008.<\/p><p>.<\/p><p>If you are interested in obtaining a printed copy, please contact the SIM at PO Box 72983, Nairobi, Kenya.<\/p><p>.<\/p><p>This translation text is made available to you under the terms of the Creative Commons License: Attribution-Noncommercial-No Derivative Works. (http:\/\/creativecommons.org\/licenses\/by-nc-nd\/3.0\/) In addition, you have permission to port the text to different file formats, as long as you do not change any of the text or punctuation of the Bible.<\/p><p>You may share, copy, distribute, transmit, and extract portions or quotations from this work, provided that you include the above copyright information:<\/p><ul><li>You must give Attribution to the work.<\/li><li>You do not sell this work for a profit.<\/li><li>You do not make any derivative works that change any of the actual words or punctuation of the Scriptures.<\/li><\/ul><p>Permissions beyond the scope of this license may be available if you contact us with your request.<\/p><p>&nbsp;<\/p><p>This translation is made available to you under the terms of the <a href=\"http:\/\/creativecommons.org\/licenses\/by-nc-nd\/4.0\/\">Creative Commons Attribution-Noncommercial-No Derivatives license 4.0.<\/a><\/p><p>You may share and redistribute this Bible translation or extracts from it in any format, provided that:<\/p><ul><li>You include the above copyright and source information.<\/li><li>You do not sell this work for a profit.<\/li><li>You do not change any of the words or punctuation of the Scriptures.<\/li><\/ul><p>Pictures included with Scriptures and other documents on this site are licensed just for use with those Scriptures and documents. For other uses, please contact the respective copyright owners.<\/p>","lang":null,"lang_short":"so","copyright":0,"copyright_id":11,"copyright_statement":"","url":null,"citation_limit":0,"restrict":0,"italics":0,"strongs":0,"red_letter":0,"paragraph":0,"official":1,"research":1,"hebrew_text_id":null,"greek_text_id":null,"translation_type_id":null,"rank":1000,"module_v2":null,"module_version":"5.5.2","importer":null,"import_file":null,"delimiter":"|","fields":["book","chapter","verse","text","italics","strongs"]}