{"name":"\u0ba4\u0bbf\u0bb1\u0ba8\u0bcd\u0ba4\u0ba8\u0bbf\u0bb2\u0bc8 \u0ba4\u0bae\u0bbf\u0bb4\u0bcd \u0b9a\u0bae\u0b95\u0bbe\u0bb2 \u0baa\u0ba4\u0bbf\u0baa\u0bcd\u0baa\u0bc1","shortname":"\u0ba4\u0bbf\u0bb1\u0ba8\u0bcd\u0ba4 \u0b9a\u0bae\u0b95\u0bbe\u0bb2","module":"ta_oitce","year":"2005, 2020, 2022","publisher":"Biblica, Inc","owner":"Biblica, Inc","description":"<h2>Biblica\u00ae \u0ba4\u0bbf\u0bb1\u0ba8\u0bcd\u0ba4\u0ba8\u0bbf\u0bb2\u0bc8 \u0ba4\u0bae\u0bbf\u0bb4\u0bcd \u0b9a\u0bae\u0b95\u0bbe\u0bb2 \u0baa\u0ba4\u0bbf\u0baa\u0bcd\u0baa\u0bc1<\/h2><h2>The Holy Bible in the Tamil language of India: Biblica\u00ae Open Indian Tamil Contemporary Version \u0ba4\u0bbf\u0bb1\u0ba8\u0bcd\u0ba4\u0ba8\u0bbf\u0bb2\u0bc8 \u0ba4\u0bae\u0bbf\u0bb4\u0bcd \u0b9a\u0bae\u0b95\u0bbe\u0bb2 \u0baa\u0ba4\u0bbf\u0baa\u0bcd\u0baa\u0bc1<\/h2><p>copyright \u00a9 2005, 2020, 2022 <a href=\"http:\/\/www.Biblica.com\/permissions\">Biblica, Inc.<\/a><br>Language: <a href=\"http:\/\/www.ethnologue.org\/language\/tam\">\u0ba4\u0bae\u0bbf\u0bb4\u0bcd (Tamil)<\/a><br>Contributor: Biblica, Inc.<br><br>&nbsp;<\/p><p>Biblica\u00ae \u0ba4\u0bbf\u0bb1\u0ba8\u0bcd\u0ba4\u0ba8\u0bbf\u0bb2\u0bc8 \u0ba4\u0bae\u0bbf\u0bb4\u0bcd \u0b9a\u0bae\u0b95\u0bbe\u0bb2 \u0baa\u0ba4\u0bbf\u0baa\u0bcd\u0baa\u0bc1\u2122<\/p><p>\u0baa\u0ba4\u0bbf\u0baa\u0bcd\u0baa\u0bc1\u0bb0\u0bbf\u0bae\u0bc8 \u00a9 2005, 2020, 2022 Biblica, Inc.<\/p><p>&nbsp;<\/p><p>Biblica\u00ae Open Indian Tamil Contemporary Version\u2122<\/p><p>Copyright \u00a9 2005, 2020, 2022 by Biblica, Inc.<\/p><p>&nbsp;<\/p><p>\u201cBiblica\u201d \u0b8e\u0ba9\u0bcd\u0baa\u0ba4\u0bc1 Biblica, Inc. \u0bae\u0bc2\u0bb2\u0bae\u0bcd \u0baf\u0bc1\u0ba9\u0bc8\u0b9f\u0bc6\u0b9f\u0bcd \u0bb8\u0bcd\u0b9f\u0bc7\u0b9f\u0bcd\u0bb8\u0bcd \u0b95\u0bbe\u0baa\u0bcd\u0baa\u0bc1\u0bb0\u0bbf\u0bae\u0bc8 \u0bae\u0bb1\u0bcd\u0bb1\u0bc1\u0bae\u0bcd \u0bb5\u0bb0\u0bcd\u0ba4\u0bcd\u0ba4\u0b95 \u0bae\u0bc1\u0ba4\u0bcd\u0ba4\u0bbf\u0bb0\u0bc8 \u0b85\u0bb2\u0bc1\u0bb5\u0bb2\u0b95\u0ba4\u0bcd\u0ba4\u0bbf\u0bb2\u0bcd \u0baa\u0ba4\u0bbf\u0bb5\u0bc1\u0b9a\u0bc6\u0baf\u0bcd\u0baf\u0baa\u0bcd\u0baa\u0b9f\u0bcd\u0b9f \u0bb5\u0bb0\u0bcd\u0ba4\u0bcd\u0ba4\u0b95 \u0bae\u0bc1\u0ba4\u0bcd\u0ba4\u0bbf\u0bb0\u0bc8. \u0b85\u0ba9\u0bc1\u0bae\u0ba4\u0bbf\u0baf\u0bc1\u0b9f\u0ba9\u0bcd \u0baa\u0baf\u0ba9\u0bcd\u0baa\u0b9f\u0bc1\u0ba4\u0bcd\u200c\u0ba4\u0baa\u0bcd\u200c\u0baa\u0b9f\u0bc1\u0b95\u0bbf\u0bb1\u0ba4\u0bc1.<\/p><p>&nbsp;<\/p><p>\u201cBiblica\u201d is a trademark registered in the United States Patent and Trademark Office by Biblica, Inc. Used with permission.<\/p><p>&nbsp;<\/p><p>\u2015\u2015\u2015\u2015\u2015\u2015<\/p><p>&nbsp;<\/p><p>\u0b87\u0ba8\u0bcd\u0ba4 \u0bb5\u0bc7\u0bb2\u0bc8 Creative Commons Attribution-ShareAlike 4.0 International License (CC BY-SA)\u0ba9\u0bcd \u0b95\u0bc0\u0bb4\u0bcd \u0b95\u0bbf\u0b9f\u0bc8\u0b95\u0bcd\u0b95\u0bbf\u0bb1\u0ba4\u0bc1. \u0b87\u0ba8\u0bcd\u0ba4 \u0b89\u0bb0\u0bbf\u0bae\u0ba4\u0bcd\u0ba4\u0bbf\u0ba9\u0bcd \u0ba8\u0b95\u0bb2\u0bc8\u0baa\u0bcd \u0baa\u0bbe\u0bb0\u0bcd\u0b95\u0bcd\u0b95, https:creativecommons.org\/licenses\/by-sa\/4.0&nbsp;\u0b90\u0baa\u0bcd \u0baa\u0bbe\u0bb0\u0bcd\u0bb5\u0bc8\u0baf\u0bbf\u0b9f\u0bb5\u0bc1\u0bae\u0bcd \u0b85\u0bb2\u0bcd\u0bb2\u0ba4\u0bc1 Creative Commons, PO Box 1866, Mountain View, CA 94042, USA \u0b95\u0bcd\u0b95\u0bc1 \u0b95\u0b9f\u0bbf\u0ba4\u0bae\u0bcd \u0b85\u0ba9\u0bc1\u0baa\u0bcd\u0baa\u0bb5\u0bc1\u0bae\u0bcd.<\/p><p>&nbsp;<\/p><p>Biblica\u00ae \u0b8e\u0ba9\u0bcd\u0baa\u0ba4\u0bc1 Biblica, Inc. \u0b86\u0bb2\u0bcd \u0baa\u0ba4\u0bbf\u0bb5\u0bc1\u0b9a\u0bc6\u0baf\u0bcd\u0baf\u0baa\u0bcd\u0baa\u0b9f\u0bcd\u0b9f \u0bb5\u0bb0\u0bcd\u0ba4\u0bcd\u0ba4\u0b95 \u0bae\u0bc1\u0ba4\u0bcd\u0ba4\u0bbf\u0bb0\u0bc8\u0baf\u0bbe\u0b95\u0bc1\u0bae\u0bcd, \u0bae\u0bc7\u0bb2\u0bc1\u0bae\u0bcd Biblica\u00ae \u0bb5\u0bb0\u0bcd\u0ba4\u0bcd\u0ba4\u0b95 \u0bae\u0bc1\u0ba4\u0bcd\u0ba4\u0bbf\u0bb0\u0bc8\u0baf\u0bc8\u0baa\u0bcd \u0baa\u0baf\u0ba9\u0bcd\u0baa\u0b9f\u0bc1\u0ba4\u0bcd\u0ba4\u0bc1\u0bb5\u0ba4\u0bb1\u0bcd\u0b95\u0bc1 Biblica, Inc \u0b87\u0ba9\u0bcd \u0b8e\u0bb4\u0bc1\u0ba4\u0bcd\u0ba4\u0bc1\u0baa\u0bcd\u0baa\u0bc2\u0bb0\u0bcd\u0bb5 \u0b85\u0ba9\u0bc1\u0bae\u0ba4\u0bbf \u0ba4\u0bc7\u0bb5\u0bc8. CC BY-SA \u0b89\u0bb0\u0bbf\u0bae\u0ba4\u0bcd\u0ba4\u0bbf\u0ba9\u0bcd \u0bb5\u0bbf\u0ba4\u0bbf\u0bae\u0bc1\u0bb1\u0bc8\u0b95\u0bb3\u0bbf\u0ba9\u0bcd\u0baa\u0b9f\u0bbf, \u0ba8\u0bc0\u0b99\u0bcd\u0b95\u0bb3\u0bcd \u0b87\u0ba4\u0bc8 \u0bae\u0bbe\u0bb1\u0bcd\u0bb1\u0baa\u0bcd\u0baa\u0b9f\u0bbe\u0bae\u0bb2\u0bcd \u0ba8\u0b95\u0bb2\u0bc6\u0b9f\u0bc1\u0ba4\u0bcd\u0ba4\u0bc1 \u0bae\u0bb1\u0bc1\u0bb5\u0bbf\u0ba8\u0bbf\u0baf\u0bcb\u0b95\u0bae\u0bcd \u0b9a\u0bc6\u0baf\u0bcd\u0baf\u0bb2\u0bbe\u0bae\u0bcd. \u0ba8\u0bc0\u0b99\u0bcd\u0b95\u0bb3\u0bcd Biblica\u00ae \u0bb5\u0bb0\u0bcd\u0ba4\u0bcd\u0ba4\u0b95 \u0bae\u0bc1\u0ba4\u0bcd\u0ba4\u0bbf\u0bb0\u0bc8\u0baf\u0bc8 \u0b85\u0baa\u0bcd\u0baa\u0b9f\u0bbf\u0baf\u0bc7 \u0bb5\u0bc8\u0ba4\u0bcd\u0ba4\u0bbf\u0bb0\u0bc1\u0b95\u0bcd\u0b95\u0bb5\u0bc7\u0ba3\u0bcd\u0b9f\u0bc1\u0bae\u0bcd. \u0ba8\u0bc0\u0b99\u0bcd\u0b95\u0bb3\u0bcd \u0b92\u0bb0\u0bc1 \u0ba8\u0b95\u0bb2\u0bc8 \u0bae\u0bbe\u0bb1\u0bcd\u0bb1\u0bbf\u0ba9\u0bbe\u0bb2\u0bcd \u0b85\u0bb2\u0bcd\u0bb2\u0ba4\u0bc1 \u0b87\u0ba8\u0bcd\u0ba4 \u0baa\u0b9f\u0bc8\u0baa\u0bcd\u0baa\u0bc8 \u0bae\u0bca\u0bb4\u0bbf\u0baa\u0bc6\u0baf\u0bb0\u0bcd\u0ba4\u0bcd\u0ba4\u0bbe\u0bb2\u0bcd, \u0b85\u0ba4\u0ba9\u0bcd \u0bae\u0bc2\u0bb2\u0bae\u0bcd \u0b92\u0bb0\u0bc1 \u0baa\u0b95\u0bc1\u0ba4\u0bbf \u0baa\u0b9f\u0bc8\u0baa\u0bcd\u0baa\u0bc8 \u0b89\u0bb0\u0bc1\u0bb5\u0bbe\u0b95\u0bcd\u0b95\u0bbf\u0ba9\u0bbe\u0bb2\u0bcd, \u0ba8\u0bc0\u0b99\u0bcd\u0b95\u0bb3\u0bcd Biblica\u00ae \u0bb5\u0bb0\u0bcd\u0ba4\u0bcd\u0ba4\u0b95 \u0bae\u0bc1\u0ba4\u0bcd\u0ba4\u0bbf\u0bb0\u0bc8\u0baf\u0bc8 \u0b85\u0b95\u0bb1\u0bcd\u0bb1 \u0bb5\u0bc7\u0ba3\u0bcd\u0b9f\u0bc1\u0bae\u0bcd. \u0ba8\u0bc0\u0b99\u0bcd\u0b95\u0bb3\u0bcd \u0b8e\u0ba9\u0bcd\u0ba9 \u0bae\u0bbe\u0bb1\u0bcd\u0bb1\u0b99\u0bcd\u0b95\u0bb3\u0bc8\u0b9a\u0bcd \u0b9a\u0bc6\u0baf\u0bcd\u0ba4\u0bbf\u0bb0\u0bc1\u0b95\u0bcd\u0b95\u0bbf\u0bb1\u0bc0\u0bb0\u0bcd\u0b95\u0bb3\u0bcd \u0b8e\u0ba9\u0bcd\u0baa\u0ba4\u0bc8\u0b95\u0bcd \u0b95\u0bc1\u0bb1\u0bbf\u0baa\u0bcd\u0baa\u0bbf\u0b9f \u0bb5\u0bc7\u0ba3\u0bcd\u0b9f\u0bc1\u0bae\u0bcd \u0bae\u0bb1\u0bcd\u0bb1\u0bc1\u0bae\u0bcd \u0baa\u0b9f\u0bc8\u0baa\u0bcd\u0baa\u0bc8 \u0baa\u0bbf\u0ba9\u0bcd\u0bb5\u0bb0\u0bc1\u0bae\u0bbe\u0bb1\u0bc1 \u0b95\u0bc1\u0bb1\u0bbf\u0baa\u0bcd\u0baa\u0bbf\u0b9f \u0bb5\u0bc7\u0ba3\u0bcd\u0b9f\u0bc1\u0bae\u0bcd: \u201cBiblica, Inc. \u0b87\u0ba9\u0bcd \u0b85\u0b9a\u0bb2\u0bcd \u0baa\u0b9f\u0bc8\u0baa\u0bcd\u0baa\u0bc1 www.biblica.com&nbsp;\u0bae\u0bb1\u0bcd\u0bb1\u0bc1\u0bae\u0bcd open.bible&nbsp;\u0b87\u0bb2\u0bcd \u0b87\u0bb2\u0bb5\u0b9a\u0bae\u0bbe\u0b95\u0b95\u0bcd \u0b95\u0bbf\u0b9f\u0bc8\u0b95\u0bcd\u0b95\u0bbf\u0bb1\u0ba4\u0bc1.\u201d<\/p><p>&nbsp;<\/p><p>\u0baa\u0ba4\u0bbf\u0baa\u0bcd\u0baa\u0bc1\u0bb0\u0bbf\u0bae\u0bc8 \u0baa\u0bb1\u0bcd\u0bb1\u0bbf\u0baf \u0b85\u0bb1\u0bbf\u0bb5\u0bbf\u0baa\u0bcd\u0baa\u0bc1 \u0baa\u0b9f\u0bc8\u0baa\u0bcd\u0baa\u0bbf\u0ba9\u0bcd \u0ba4\u0bb2\u0bc8\u0baa\u0bcd\u0baa\u0bc1 \u0b85\u0bb2\u0bcd\u0bb2\u0ba4\u0bc1 \u0baa\u0ba4\u0bbf\u0baa\u0bcd\u0baa\u0bc1\u0bb0\u0bbf\u0bae\u0bc8\u0baa\u0bcd \u0baa\u0b95\u0bcd\u0b95\u0ba4\u0bcd\u0ba4\u0bbf\u0bb2\u0bcd \u0baa\u0bbf\u0ba9\u0bcd\u0bb5\u0bb0\u0bc1\u0bae\u0bbe\u0bb1\u0bc1 \u0ba4\u0bcb\u0ba9\u0bcd\u0bb1 \u0bb5\u0bc7\u0ba3\u0bcd\u0b9f\u0bc1\u0bae\u0bcd:<\/p><p>&nbsp;<\/p><p>Biblica\u00ae \u0ba4\u0bbf\u0bb1\u0ba8\u0bcd\u0ba4\u0ba8\u0bbf\u0bb2\u0bc8 \u0ba4\u0bae\u0bbf\u0bb4\u0bcd \u0b9a\u0bae\u0b95\u0bbe\u0bb2 \u0baa\u0ba4\u0bbf\u0baa\u0bcd\u0baa\u0bc1\u2122<\/p><p>\u0baa\u0ba4\u0bbf\u0baa\u0bcd\u0baa\u0bc1\u0bb0\u0bbf\u0bae\u0bc8 \u00a9 2005, 2020, 2022 Biblica, Inc.<\/p><p>&nbsp;<\/p><p>Biblica\u00ae Open Indian Tamil Contemporary Version\u2122<\/p><p>Copyright \u00a9 2005, 2020, 2022 by Biblica, Inc.<\/p><p>&nbsp;<\/p><p>\u201cBiblica\u201d \u0b8e\u0ba9\u0bcd\u0baa\u0ba4\u0bc1 Biblica, Inc. \u0bae\u0bc2\u0bb2\u0bae\u0bcd \u0baf\u0bc1\u0ba9\u0bc8\u0b9f\u0bc6\u0b9f\u0bcd \u0bb8\u0bcd\u0b9f\u0bc7\u0b9f\u0bcd\u0bb8\u0bcd \u0b95\u0bbe\u0baa\u0bcd\u0baa\u0bc1\u0bb0\u0bbf\u0bae\u0bc8 \u0bae\u0bb1\u0bcd\u0bb1\u0bc1\u0bae\u0bcd \u0bb5\u0bb0\u0bcd\u0ba4\u0bcd\u0ba4\u0b95 \u0bae\u0bc1\u0ba4\u0bcd\u0ba4\u0bbf\u0bb0\u0bc8 \u0b85\u0bb2\u0bc1\u0bb5\u0bb2\u0b95\u0ba4\u0bcd\u0ba4\u0bbf\u0bb2\u0bcd \u0baa\u0ba4\u0bbf\u0bb5\u0bc1\u0b9a\u0bc6\u0baf\u0bcd\u0baf\u0baa\u0bcd\u0baa\u0b9f\u0bcd\u0b9f \u0bb5\u0bb0\u0bcd\u0ba4\u0bcd\u0ba4\u0b95 \u0bae\u0bc1\u0ba4\u0bcd\u0ba4\u0bbf\u0bb0\u0bc8. \u0b85\u0ba9\u0bc1\u0bae\u0ba4\u0bbf\u0baf\u0bc1\u0b9f\u0ba9\u0bcd \u0baa\u0baf\u0ba9\u0bcd\u0baa\u0b9f\u0bc1\u0ba4\u0bcd\u200c\u0ba4\u0baa\u0bcd\u200c\u0baa\u0b9f\u0bc1\u0b95\u0bbf\u0bb1\u0ba4\u0bc1.<\/p><p>&nbsp;<\/p><p>\u201cBiblica\u201d is a trademark registered in the United States Patent and Trademark Office by Biblica, Inc. Used with permission.<\/p><p>&nbsp;<\/p><p>\u0b85\u0ba4\u0bc7 \u0b89\u0bb0\u0bbf\u0bae\u0ba4\u0bcd\u0ba4\u0bbf\u0ba9\u0bcd \u0b95\u0bc0\u0bb4\u0bcd(CC BY-SA) \u0b85\u0b9a\u0bb2\u0bcd \u0baa\u0b9f\u0bc8\u0baa\u0bcd\u0baa\u0bbf\u0bb2\u0bbf\u0bb0\u0bc1\u0ba8\u0bcd\u0ba4\u0bc1 \u0bae\u0bbe\u0bb1\u0bcd\u0bb1\u0bbf\u0baf \u0b89\u0b99\u0bcd\u0b95\u0bb3\u0bcd \u0bb5\u0bc7\u0bb2\u0bc8\u0baf\u0bc8 \u0ba8\u0bc0\u0b99\u0bcd\u0b95\u0bb3\u0bcd \u0b95\u0bbf\u0b9f\u0bc8\u0b95\u0bcd\u0b95\u0bc1\u0bae\u0bcd\u0baa\u0b9f\u0bbf \u0ba4\u0bc6\u0bb0\u0bbf\u0bb5\u0bbf\u0b95\u0bcd\u0b95\u0bb5\u0bc7\u0ba3\u0bcd\u0b9f\u0bc1\u0bae\u0bcd.<\/p><p>&nbsp;<\/p><p>\u0b87\u0ba8\u0bcd\u0ba4 \u0baa\u0b9f\u0bc8\u0baa\u0bcd\u0baa\u0bbf\u0ba9\u0bcd \u0bae\u0bca\u0bb4\u0bbf\u0baa\u0bc6\u0baf\u0bb0\u0bcd\u0baa\u0bcd\u0baa\u0bc1 \u0b95\u0bc1\u0bb1\u0bbf\u0ba4\u0bcd\u0ba4\u0bc1 Biblica, Inc.\u0b95\u0bcd\u0b95\u0bc1 \u0ba4\u0bc6\u0bb0\u0bbf\u0bb5\u0bbf\u0b95\u0bcd\u0b95 \u0bb5\u0bbf\u0bb0\u0bc1\u0bae\u0bcd\u0baa\u0bbf\u0ba9\u0bbe\u0bb2\u0bcd, https:open.bible\/contact&nbsp;\u0b87\u0bb2\u0bcd \u0b8e\u0b99\u0bcd\u0b95\u0bb3\u0bc8\u0ba4\u0bcd \u0ba4\u0bca\u0b9f\u0bb0\u0bcd\u0baa\u0bc1 \u0b95\u0bca\u0bb3\u0bcd\u0bb3\u0bb5\u0bc1\u0bae\u0bcd.<\/p><p>&nbsp;<\/p><p>This work is made available under the Creative Commons Attribution-ShareAlike 4.0 International License (CC BY-SA). To view a copy of this license, visit https:\/\/creativecommons.org\/licenses\/by-sa\/4.0&nbsp;or send a letter to Creative Commons, PO Box 1866, Mountain View, CA 94042, USA.<\/p><p>&nbsp;<\/p><p>Biblica\u00ae is a trademark registered by Biblica, Inc., and use of the Biblica\u00ae trademark requires the written permission of Biblica, Inc. Under the terms of the CC BY-SA license, you may copy and redistribute this unmodified work as long as you keep the Biblica\u00ae trademark intact. If you modify a copy or translate this work, thereby creating a derivative work, you must remove the Biblica\u00ae trademark. On the derivative work, you must indicate what changes you have made and attribute the work as follows: \u201cThe original work by Biblica, Inc. is available for free at www.biblica.com&nbsp;and open.bible.\u201d<\/p><p>&nbsp;<\/p><p>Notice of copyright must appear on the title or copyright page of the work as follows:<\/p><p>&nbsp;<\/p><p>Biblica\u00ae \u0ba4\u0bbf\u0bb1\u0ba8\u0bcd\u0ba4\u0ba8\u0bbf\u0bb2\u0bc8 \u0ba4\u0bae\u0bbf\u0bb4\u0bcd \u0b9a\u0bae\u0b95\u0bbe\u0bb2 \u0baa\u0ba4\u0bbf\u0baa\u0bcd\u0baa\u0bc1\u2122<\/p><p>\u0baa\u0ba4\u0bbf\u0baa\u0bcd\u0baa\u0bc1\u0bb0\u0bbf\u0bae\u0bc8 \u00a9 2005, 2020, 2022 Biblica, Inc.<\/p><p>&nbsp;<\/p><p>Biblica\u00ae Open Indian Tamil Contemporary Version\u2122<\/p><p>Copyright \u00a9 2005, 2020, 2022 by Biblica, Inc.<\/p><p>&nbsp;<\/p><p>\u201cBiblica\u201d \u0b8e\u0ba9\u0bcd\u0baa\u0ba4\u0bc1 Biblica, Inc. \u0bae\u0bc2\u0bb2\u0bae\u0bcd \u0baf\u0bc1\u0ba9\u0bc8\u0b9f\u0bc6\u0b9f\u0bcd \u0bb8\u0bcd\u0b9f\u0bc7\u0b9f\u0bcd\u0bb8\u0bcd \u0b95\u0bbe\u0baa\u0bcd\u0baa\u0bc1\u0bb0\u0bbf\u0bae\u0bc8 \u0bae\u0bb1\u0bcd\u0bb1\u0bc1\u0bae\u0bcd \u0bb5\u0bb0\u0bcd\u0ba4\u0bcd\u0ba4\u0b95 \u0bae\u0bc1\u0ba4\u0bcd\u0ba4\u0bbf\u0bb0\u0bc8 \u0b85\u0bb2\u0bc1\u0bb5\u0bb2\u0b95\u0ba4\u0bcd\u0ba4\u0bbf\u0bb2\u0bcd \u0baa\u0ba4\u0bbf\u0bb5\u0bc1\u0b9a\u0bc6\u0baf\u0bcd\u0baf\u0baa\u0bcd\u0baa\u0b9f\u0bcd\u0b9f \u0bb5\u0bb0\u0bcd\u0ba4\u0bcd\u0ba4\u0b95 \u0bae\u0bc1\u0ba4\u0bcd\u0ba4\u0bbf\u0bb0\u0bc8. \u0b85\u0ba9\u0bc1\u0bae\u0ba4\u0bbf\u0baf\u0bc1\u0b9f\u0ba9\u0bcd \u0baa\u0baf\u0ba9\u0bcd\u0baa\u0b9f\u0bc1\u0ba4\u0bcd\u200c\u0ba4\u0baa\u0bcd\u200c\u0baa\u0b9f\u0bc1\u0b95\u0bbf\u0bb1\u0ba4\u0bc1.<\/p><p>&nbsp;<\/p><p>\u201cBiblica\u201d is a trademark registered in the United States Patent and Trademark Office by Biblica, Inc. Used with permission.<\/p><p>&nbsp;<\/p><p>You must also make your derivative work available under the same license (CC BY-SA).<\/p><p>&nbsp;<\/p><p>If you would like to notify Biblica, Inc. regarding your translation of this work, please contact us at https:\/\/open.bible\/contact.<\/p><p>&nbsp;<\/p><p>This translation is made available to you under the terms of the <a href=\"http:\/\/creativecommons.org\/licenses\/by-sa\/4.0\/\">Creative Commons Attribution Share-Alike license 4.0.<\/a><\/p><p>You have permission to share and redistribute this Bible translation in any format and to make reasonable revisions and adaptations of this translation, provided that:<\/p><ul><li>You include the above copyright and source information.<\/li><li>If you make any changes to the text, you must indicate that you did so in a way that makes it clear that the original licensor is not necessarily endorsing your changes.<\/li><li>If you redistribute this text, you must distribute your contributions under the same license as the original.<\/li><\/ul><p>Pictures included with Scriptures and other documents on this site are licensed just for use with those Scriptures and documents. For other uses, please contact the respective copyright owners.<\/p><p>Note that in addition to the rules above, revising and adapting God's Word involves a great responsibility to be true to God's Word. See Revelation 22:18-19.<\/p>","lang":null,"lang_short":"ta","copyright":0,"copyright_id":7,"copyright_statement":"<p>Biblica\u00ae \u0ba4\u0bbf\u0bb1\u0ba8\u0bcd\u0ba4\u0ba8\u0bbf\u0bb2\u0bc8 \u0ba4\u0bae\u0bbf\u0bb4\u0bcd \u0b9a\u0bae\u0b95\u0bbe\u0bb2 \u0baa\u0ba4\u0bbf\u0baa\u0bcd\u0baa\u0bc1\u2122<\/p><p>\u0baa\u0ba4\u0bbf\u0baa\u0bcd\u0baa\u0bc1\u0bb0\u0bbf\u0bae\u0bc8 \u00a9 2005, 2020, 2022 Biblica, Inc.<\/p><p>&nbsp;<\/p><p>Biblica\u00ae Open Indian Tamil Contemporary Version\u2122<\/p><p>Copyright \u00a9 2005, 2020, 2022 by Biblica, Inc.<\/p><p>&nbsp;<\/p><p>This work is made available under the Creative Commons Attribution-ShareAlike 4.0 International License (CC BY-SA). To view a copy of this license, visit https:\/\/creativecommons.org\/licenses\/by-sa\/4.0&nbsp;or send a letter to Creative Commons, PO Box 1866, Mountain View, CA 94042, USA.<\/p>","url":null,"citation_limit":0,"restrict":0,"italics":0,"strongs":0,"red_letter":0,"paragraph":0,"official":1,"research":1,"hebrew_text_id":null,"greek_text_id":null,"translation_type_id":null,"rank":1000,"module_v2":null,"module_version":"5.6.20alpha","importer":null,"import_file":null,"delimiter":"|","fields":["book","chapter","verse","text","italics","strongs"]}