{"name":"Indian Revised Version","shortname":"IRV","module":"irv","year":"2017 \/ 2018","publisher":"Bridge Connectivity Solutions","owner":"Bridge Connectivity Solutions","description":"<h1>\u092a\u0935\u093f\u0924\u094d\u0930 \u092c\u093e\u0907\u092c\u093f\u0932<\/h1>\n\n<h2>The Indian Revised Version Holy Bible in the Hindi language of India<\/h2>\n\n<p>copyright &copy; 2017, 2018 <a href=\"http:\/\/bridgeconn.com\/\">Bridge Connectivity Solutions<\/a><br \/>\nLanguage: <a class=\"akshar_unicode\" href=\"http:\/\/www.ethnologue.org\/language\/hin\" target=\"_blank\">\u0939\u093f\u0928\u094d\u0926\u0940 \u092d\u093e\u0937\u093e (Hindi)<\/a><br \/>\nTranslation by: Bridge Connectivity Solutions<br \/>\n&nbsp;<\/p>\n\n<p>Status of the project:<\/p>\n\n<ul>\n\t<li>Stage 1 - Initial Drafting by Mother Tongue Translators -- Completed<\/li>\n\t<li>Stage 2 - Community Checking by Church -- Completed<\/li>\n\t<li>Stage 3 - Local Consultant (Theologian\/Linguist) Checking -- Completed<\/li>\n\t<li>Stage 4 - Church Network Leaders Checking -- Completed<\/li>\n\t<li>Stage 5 - Further Quality Checking -- In Progress<\/li>\n<\/ul>\n\n<p>&nbsp;<\/p>\n\n<p>This translation is made available to you under the terms of the <a href=\"http:\/\/creativecommons.org\/licenses\/by-sa\/4.0\/\">Creative Commons Attribution Share-Alike license 4.0.<\/a><\/p>\n\n<p>You have permission to share and redistribute this Bible translation in any format and to make reasonable revisions and adaptations of this translation, provided that:<\/p>\n\n<ul>\n\t<li>You include the above copyright and source information.<\/li>\n\t<li>If you make any changes to the text, you must indicate that you did so in a way that makes it clear that the original licensor is not necessarily endorsing your changes.<\/li>\n\t<li>If you redistribute this text, you must distribute your contributions under the same license as the original.<\/li>\n<\/ul>\n\n<p>Pictures included with Scriptures and other documents on this site are licensed just for use with those Scriptures and documents. For other uses, please contact the respective copyright owners.<\/p>\n\n<p>Note that in addition to the rules above, revising and adapting God&#39;s Word involves a great responsibility to be true to God&#39;s Word. See Revelation 22:18-19.<\/p>\n\n<p><br \/>\n2020-04-22<\/p>\n\n<div class=\"fine\">HTML generated with <a href=\"http:\/\/haiola.org\">Haiola<\/a> by <a href=\"http:\/\/eBible.org\">eBible.org<\/a> 22 Apr 2020 from source files dated 22 Nov 2019<\/div>\n","lang":"Hindi","lang_short":"hi","copyright":0,"copyright_id":7,"copyright_statement":"","url":null,"citation_limit":0,"restict":0,"italics":0,"strongs":0,"red_letter":0,"paragraph":0,"official":1,"research":1,"hebrew_text_id":null,"greek_text_id":null,"translation_type_id":null,"rank":9999,"module_v2":null,"importer":null,"import_file":null,"installed_at":"2020-04-25 14:51:06","delimiter":"|","fields":["book","chapter","verse","text","italics","strongs"]}