{"name":"\u0907\u0902\u0921\u093f\u092f\u0928 \u0930\u093f\u0935\u093e\u0907\u091c\u094d\u0921 \u0935\u0930\u094d\u091c\u0928 (IRV) ","shortname":"\u0939\u093f\u0902\u0926\u0940 IRV","module":"irv","year":"2017, 2018, 2019","publisher":"Bridge Connectivity Solutions","owner":"Bridge Connectivity Solutions","description":"\ufeff<!DOCTYPE html>\n<html lang=\"hi\">\n<head>\n<meta charset=\"UTF-8\" \/>\n<link rel=\"stylesheet\" href=\"freeserif.css\" type=\"text\/css\" \/>\n<meta name=\"viewport\" content=\"user-scalable=yes, initial-scale=1, minimum-scale=1, width=device-width\"\/>\n<title>\u0907\u0902\u0921\u093f\u092f\u0928 \u0930\u093f\u0935\u093e\u0907\u091c\u094d\u0921 \u0935\u0930\u094d\u091c\u0928 (IRV) \u0939\u093f\u0902\u0926\u0940 - 2019  <\/title>\n<meta name=\"keywords\" content=\"\u0907\u0902\u0921\u093f\u092f\u0928 \u0930\u093f\u0935\u093e\u0907\u091c\u094d\u0921 \u0935\u0930\u094d\u091c\u0928 (IRV) \u0939\u093f\u0902\u0926\u0940 - 2019, hin, Holy Bible, Scripture, Bible, Scriptures, New Testament, Old Testament, Gospel\" \/>\n<\/head>\n<body>\n<ul class='tnav'>\r\n<li><a href='index.htm'>^<\/a><\/li>\r\n<li><a href='GEN01.htm'>&lt;<\/a><\/li>\r\n<li><a href='GEN01.htm'>&gt;<\/a><\/li>\r\n<\/ul>\n<div class=\"main\">\n<div class=\"main\">\n<div class=\"toc\"><a href=\"https:\/\/ebible.org\/hin2017\">\u0907\u0902\u0921\u093f\u092f\u0928 \u0930\u093f\u0935\u093e\u0907\u091c\u094d\u0921 \u0935\u0930\u094d\u091c\u0928 (IRV) \u0939\u093f\u0902\u0926\u0940 - 2019<\/a><\/div><\/br>\n<h1 class='freeserif'>\u0907\u0902\u0921\u093f\u092f\u0928 \u0930\u093f\u0935\u093e\u0907\u091c\u094d\u0921 \u0935\u0930\u094d\u091c\u0928 (IRV) \u0939\u093f\u0902\u0926\u0940 - 2019<\/h1>\n<h2>The Indian Revised Version Holy Bible in the Hindi language of India<\/h2>\n<p>copyright \u00a9 2017, 2018, 2019 <a href=\"https:\/\/bridgeconn.com\/\">Bridge Connectivity Solutions<\/a><br \/>\nLanguage: <a href='http:\/\/www.ethnologue.org\/language\/hin' class='freeserif' target='_blank'>\u092e\u093e\u0928\u0915 \u0939\u093f\u0928\u094d\u0926\u0940\u200e (Hindi)<\/a><br \/>\nTranslation by: Bridge Connectivity Solutions<br \/>\nContributor: Bridge Connectivity Solutions Pvt. Ltd.<br \/>\n<\/p>\n<p>This translation is made available to you under the terms of the\r\n<a href='http:\/\/creativecommons.org\/licenses\/by-sa\/4.0\/'>Creative Commons Attribution Share-Alike license 4.0.<\/a><\/p>\r\n<p>You have permission to share and redistribute this Bible translation in any format and to make reasonable revisions and adaptations of this translation, provided that:<\/p>\r\n<ul>\r\n<li>You include the above copyright and source information.<\/li>\r\n<li>If you make any changes to the text, you must indicate that you did so in a way that makes it clear that the original licensor is not necessarily endorsing your changes.<\/li>\r\n<li>If you redistribute this text, you must distribute your contributions under the same license as the original.<\/li>\r\n<\/ul>\r\n<p>Pictures included with Scriptures and other documents on this site are licensed just for use with those Scriptures and documents.\r\nFor other uses, please contact the respective copyright owners.<\/p>\r\n<p>Note that in addition to the rules above, revising and adapting God's Word involves a great responsibility to be true to God's Word. See Revelation 22:18-19.<\/p>\r\n<p><br\/>2023-04-11<\/p>\n\n<div class=\"fine\">HTML generated with <a href='https:\/\/haiola.org'>Haiola<\/a> by <a href='https:\/\/eBible.org'>eBible.org<\/a> 21 Feb 2024 from source files dated 11 Apr 2023<\/a><br\/><br \/><a href='https:\/\/eBible.org\/certified\/' target='_blank'><img src='eBible.org_certified.jpg' alt='eBible.org certified' \/><\/a><\/div>\n<ul class='tnav'>\r\n<li><a href='index.htm'>^<\/a><\/li>\r\n<li><a href='GEN01.htm'>&lt;<\/a><\/li>\r\n<li><a href='GEN01.htm'>&gt;<\/a><\/li>\r\n<\/ul>\n<div class=\"footnote\">\n<hr \/>\n<\/div>\n<div class=\"copyright\">\n\n<p align=\"center\"><a href='copyright.htm'>\u00a9 2017, 2018, 2019 BCS<\/a><\/p>\n<\/div>\n<\/div><\/body><\/html>\n","lang":"Hindi","lang_short":"hi","copyright":0,"copyright_id":7,"copyright_statement":"","url":null,"citation_limit":0,"restrict":0,"italics":0,"strongs":0,"red_letter":0,"paragraph":0,"official":1,"research":1,"hebrew_text_id":null,"greek_text_id":null,"translation_type_id":null,"rank":9999,"module_v2":null,"module_version":"5.5.2","importer":null,"import_file":null,"delimiter":"|","fields":["book","chapter","verse","text","italics","strongs"]}