{"name":"K\u00e0ddug Y\u00e0lla gi","shortname":"KYG","module":"wo_kyg","year":"2010, 2020","publisher":"La Mission Baptiste du S\u00e9n\u00e9gal","owner":"La Mission Baptiste du S\u00e9n\u00e9gal","description":"<h2>K\u00e0ddug Y\u00e0lla gi<\/h2><h2>Wolof Bible 2020 revision.<\/h2><h2>La bible en wolof; revision 2020<\/h2><p>copyright \u00a9 2010, 2020 <a href=\"http:\/\/biblewolof.com\">La Mission Baptiste du S\u00e9n\u00e9gal<\/a><br>Language: <a href=\"http:\/\/www.ethnologue.org\/language\/wol\">Wolof<\/a><br>Dialect: Regional Wolof<br>Translation by: La MBS<br><br>For complete copyright statement, please see http:\/\/sng.al\/copyright<\/p><p>This translation is made available to you under the terms of the <a href=\"http:\/\/creativecommons.org\/licenses\/by-nc-nd\/4.0\/\">Creative Commons Attribution-Noncommercial-No Derivatives license 4.0.<\/a><\/p><p>You may share and redistribute this Bible translation or extracts from it in any format, provided that:<\/p><ul><li>You include the above copyright and source information.<\/li><li>You do not sell this work for a profit.<\/li><li>You do not change any of the words or punctuation of the Scriptures.<\/li><\/ul><p>Pictures included with Scriptures and other documents on this site are licensed just for use with those Scriptures and documents. For other uses, please contact the respective copyright owners.<\/p>","lang":null,"lang_short":"wo","copyright":0,"copyright_id":11,"copyright_statement":"","url":null,"citation_limit":0,"restrict":0,"italics":0,"strongs":0,"red_letter":0,"paragraph":0,"official":1,"research":1,"hebrew_text_id":null,"greek_text_id":null,"translation_type_id":null,"rank":1000,"module_v2":null,"module_version":"5.6.0.pre2","importer":null,"import_file":null,"delimiter":"|","fields":["book","chapter","verse","text","italics","strongs"]}