{"name":"Polska Biblia Gdanska","shortname":"PolBG","module":"polbg","year":"1881","publisher":null,"owner":null,"description":"\nPolska Biblia Gdanska, 1881<br><br>\nPolska Biblia Gdanska (1632, rewizja 1738, od 1838 wydawana bez Apokryf\u00f3w, rewizja Nowego Testamentu 1881)<br \/><br \/>This Bible imported from Bible Analyzer <a href='http:\/\/www.bibleanalyzer.com\/download.htm'>http:\/\/www.bibleanalyzer.com\/download.htm<\/a>","lang":"","lang_short":"pl","copyright":0,"copyright_id":1,"copyright_statement":"","url":null,"citation_limit":0,"restict":0,"italics":0,"strongs":0,"red_letter":0,"paragraph":0,"official":1,"research":1,"hebrew_text_id":null,"greek_text_id":null,"translation_type_id":null,"rank":1000,"module_v2":null,"importer":null,"import_file":null,"delimiter":"|","fields":["book","chapter","verse","text","italics","strongs"]}