{"name":"Lithuanian Bible","shortname":"Lith","module":"lith","year":"","publisher":null,"owner":null,"description":"<html><head><meta http-equiv=\"Content-Type\" content=\"text\/html; charset=UTF-8\"><\/head><body><b>Lithuanian<\/b><p \/>Lithuanian Bible<br \/>\nThis translation is copyrighted by the Church \"Tikejimo Zodis\" <br \/>\nAll Rights Reserved.<\/body><\/html>\r\n<br \/><br \/>This Bible imported from The Unbound Bible <a href='http:\/\/unbound.biola.edu\/'>http:\/\/unbound.biola.edu\/<\/a>","lang":"Lithuanian","lang_short":"lt","copyright":0,"copyright_id":4,"copyright_statement":"This translation is copyrighted by the Church \"Tikejimo Zodis\" <br \/>\nAll Rights Reserved.","citation_limit":0,"restict":0,"italics":0,"strongs":0,"red_letter":0,"paragraph":0,"official":1,"research":0,"hebrew_text_id":null,"greek_text_id":null,"translation_type_id":null,"rank":260,"module_v2":"lith","importer":null,"import_file":null,"delimiter":"|","fields":["book","chapter","verse","text","italics","strongs"]}