{"name":"Geneva Bible","shortname":"Geneva","module":"geneva","year":"1587","publisher":null,"owner":null,"description":"Geneva Bible (1587)","lang":"English","lang_short":"en","copyright":0,"copyright_id":1,"copyright_statement":"","url":null,"citation_limit":0,"restrict":0,"italics":0,"strongs":0,"red_letter":0,"paragraph":0,"official":1,"research":0,"hebrew_text_id":null,"greek_text_id":null,"translation_type_id":null,"rank":60,"module_v2":"geneva","module_version":"5.6.20alpha","importer":null,"import_file":null,"delimiter":"|","fields":["book","chapter","verse","text","italics","strongs"]}