{"name":"Biblia Livre","shortname":"Biblia Livre","module":"blivre","year":"","publisher":null,"owner":null,"description":"<p>A <strong>B&iacute;blia Livre (BLIVRE)<\/strong> &eacute; um projeto para fornecer a qualquer pessoa uma tradu&ccedil;&atilde;o da B&iacute;blia Sagrada de forma gratuita. Ou seja, voc&ecirc; pode copiar em seu computador, imprimir, redistribuir para outras pessoas, utilizar de forma integral ou parcial, inclusive em materiais com fins lucrativos.<\/p>\n\n<h1>Sobre a B&iacute;blia Livre<\/h1>\n\n<p>A maioria das tradu&ccedil;&otilde;es da B&iacute;blia na l&iacute;ngua portuguesa usadas atualmente est&aacute; sujeita a direitos autorais, ou seja, voc&ecirc; deve pagar para us&aacute;-las. Normalmente seus donos permitem um uso restrito, como 500 vers&iacute;culos, ou outras regras, mas preferimos disponibilizar as Sagradas Escrituras sem qualquer custo. Existem outras vers&otilde;es em dom&iacute;nio p&uacute;blico, como as primeiras vers&otilde;es de Jo&atilde;o Ferreira de Almeida, ou a do padre Ant&ocirc;nio Pereira de Figueiredo. Por&eacute;m elas s&atilde;o antigas, e por esse motivo possuem um vocabul&aacute;rio que pode parecer estranho para a nossa &eacute;poca.<\/p>\n\n<p>Portanto, pela falta de tradu&ccedil;&otilde;es B&iacute;blicas que sejam ao mesmo tempo modernas e de uso livre e gratuito, resolvi lan&ccedil;ar a minha pr&oacute;pria tradu&ccedil;&atilde;o da B&iacute;blia, livre e gratuita.<\/p>\n\n<p>A B&iacute;blia Livre ser&aacute; produzida atrav&eacute;s do seguinte processo:<\/p>\n\n<ul>\n\t<li>Verifica&ccedil;&atilde;o do texto da B&iacute;blia de Jo&atilde;o Ferreira de Almeida de 1819, em dom&iacute;nio p&uacute;blico.<\/li>\n\t<li>Atualiza&ccedil;&atilde;o do vocabul&aacute;rio, trocando palavras antigas por formas equivalentes.<\/li>\n\t<li>Alterar a ordem das palavras para uma forma mais comum em l&iacute;ngua portuguesa, sem altera&ccedil;&atilde;o no sentido original do texto.<\/li>\n\t<li>Revis&atilde;o do texto, comparando com o idioma original, e possivelmente tamb&eacute;m com outras tradu&ccedil;&otilde;es, como a King James Version, entre outras.<\/li>\n<\/ul>\n\n<p>Al&eacute;m disso, &eacute; muito importante a participa&ccedil;&atilde;o dos todos, para revisarem o texto e sugerirem melhorias ou corre&ccedil;&otilde;es. Agrade&ccedil;o qualquer ajuda.<\/p>\n\n<p>Por enquanto o trabalho est&aacute; em desenvolvimento. Os textos est&atilde;o em constante revis&atilde;o, procurando torn&aacute;-los cada vez melhores.<\/p>\n\n<p>Mais informa&ccedil;&otilde;es podem ser obtidas atrav&eacute;s da p&aacute;gina de <a href=\"https:\/\/sites.google.com\/site\/biblialivre\/perguntas-e-respostas\">perguntas e respostas<\/a>.<\/p>\n\n<h3>Comiss&atilde;o de tradu&ccedil;&atilde;o<\/h3>\n\n<ul>\n\t<li>Diego Renato dos Santos - Editor-chefe (todos os livros)<\/li>\n\t<li>Mario S&eacute;rgio de Souza Figueira - Hebreus, Tiago<\/li>\n\t<li>Marco Antonio Teles da Costa - 3 Jo&atilde;o<\/li>\n<\/ul>\n\n<p>Voc&ecirc; tamb&eacute;m pode participar dessa equipe.<\/p>\n\n<h3>LICEN&Ccedil;A<\/h3>\n\n<p>B&iacute;blia Livre pela comiss&atilde;o de tradu&ccedil;&atilde;o Livre est&aacute; sob a <a href=\"https:\/\/github.com\/blivre\/BibliaLivre\/blob\/master\/LICENCA.md\">Licen&ccedil;a Creative Commons Atribui&ccedil;&atilde;o 3.0 Brasil<\/a>.<\/p>\n\n<p>Baseado na edi&ccedil;&atilde;o de 1819 de Jo&atilde;o Ferreira de Almeida.<\/p>\n\n<p>&nbsp;<\/p>\n\n<p><br \/>\nThis Bible imported from MySword <a href=\"https:\/\/mysword.info\/download-mysword\/bibles\">https:\/\/mysword.info\/download-mysword\/bibles<\/a><\/p>\n\n<p>&nbsp;<\/p>\n","lang":"Portuguese","lang_short":"pt","copyright":0,"copyright_id":14,"copyright_statement":"","url":null,"citation_limit":0,"restrict":0,"italics":0,"strongs":0,"red_letter":0,"paragraph":0,"official":1,"research":0,"hebrew_text_id":null,"greek_text_id":null,"translation_type_id":null,"rank":9999,"module_v2":null,"module_version":"5.6.20alpha","importer":null,"import_file":null,"delimiter":"|","fields":["book","chapter","verse","text","italics","strongs"]}