{"name":"Luther Bible (1545)","shortname":"Luther","module":"luther","year":"1545","publisher":null,"owner":null,"description":"<p><strong>German: Luther (1545)<\/strong><\/p>\n\n<p>Made available in electronic format by Michael Bolsinger at http:\/\/www.luther-bibel-1545.de (see here for the most recent versions in text and HTML format).<\/p>\n\n<p>It was converted to SWORD format by Matthias and Joachim Ansorg Please report any errors to the following address:<\/p>\n\n<p>Joachim and Matthias Ansorg<br \/>\nPoststra 2<br \/>\nD-56479 Salzburg\/WW<br \/>\nPhone +49 (2667) 1480<br \/>\ne-mail joachim_at_ansorgs.de<br \/>\n<br \/>\nThis Bible imported from The Unbound Bible <a href=\"http:\/\/unbound.biola.edu\/\">http:\/\/unbound.biola.edu\/<\/a><\/p>\n","lang":"German","lang_short":"de","copyright":0,"copyright_id":1,"copyright_statement":"","url":null,"citation_limit":0,"restrict":0,"italics":0,"strongs":0,"red_letter":0,"paragraph":0,"official":1,"research":0,"hebrew_text_id":null,"greek_text_id":null,"translation_type_id":null,"rank":220,"module_v2":"luther","module_version":"5.0.0alpha1","importer":null,"import_file":null,"delimiter":"|","fields":["book","chapter","verse","text","italics","strongs"]}