{"name":"Luther Bible","shortname":"Luther","module":"luther","year":"1545","publisher":null,"owner":null,"description":"<html><head><meta http-equiv=\"Content-Type\" content=\"text\/html; charset=UTF-8\"><\/head><body><b>German: Luther (1545)<\/b><p \/>Made available in electronic format by Michael Bolsinger at http:\/\/www.luther-bibel-1545.de (see here for the most recent versions in text and HTML format).<p \/>\nIt was converted to SWORD format by Matthias and Joachim Ansorg \nPlease report any errors to the following address:\n<p \/>\nJoachim and Matthias Ansorg<br \/>\nPoststra 2<br \/>\nD-56479 Salzburg\/WW<br \/>\nPhone +49 (2667) 1480<br \/>\ne-mail joachim_at_ansorgs.de<\/body><\/html>\r\n<br \/><br \/>This Bible imported from The Unbound Bible <a href='http:\/\/unbound.biola.edu\/'>http:\/\/unbound.biola.edu\/<\/a>","lang":"German","lang_short":"de","copyright":0,"copyright_id":1,"copyright_statement":"","citation_limit":0,"restict":0,"italics":0,"strongs":0,"red_letter":0,"paragraph":0,"official":1,"research":0,"hebrew_text_id":null,"greek_text_id":null,"translation_type_id":null,"rank":220,"module_v2":"luther","importer":null,"import_file":null,"delimiter":"|","fields":["book","chapter","verse","text","italics","strongs"]}