{"name":"Kougo-yaku","shortname":"Kougo","module":"kougo","year":"1954\/1955","publisher":null,"owner":null,"description":"Colloquial Japanese Bible (so called Kougo-yaku), Public Domain.<p>Those texts are based on the Colloquial Japanese Bible Published in 1954\/1955 ( whose copyright is expired at 1 Jan 2006 ). Note that the texts currently available from the publisher are slightly different from those published in 1954\/1955 , and their copyrights may be still active.<\/p><p>The most commonly used bible by the protestants in japan till the publishing of the New Interconffessional Translation (Shin-Kyoudou-yaku) in 1987.<\/p><br \/><br \/>This Bible imported from MySword <a href='https:\/\/mysword.info\/download-mysword\/bibles'>https:\/\/mysword.info\/download-mysword\/bibles<\/a>","lang":"","lang_short":"ja","copyright":0,"copyright_id":1,"copyright_statement":"","url":null,"citation_limit":0,"restict":0,"italics":0,"strongs":0,"red_letter":0,"paragraph":0,"official":1,"research":1,"hebrew_text_id":null,"greek_text_id":null,"translation_type_id":null,"rank":1000,"module_v2":null,"importer":null,"import_file":null,"delimiter":"|","fields":["book","chapter","verse","text","italics","strongs"]}