{"name":"Reina Valera 1858 NT","shortname":"RV 1858","module":"rv_1858","year":"1858","publisher":null,"owner":null,"description":"<b>Spanish: Reina Valera NT (1858)<\/b><p \/>EL NUEVO TESTAMENTO DE NUESTRO SE\u00d1OR JESU-CRISTO (1858)<br \/><br \/>This Bible imported from The Unbound Bible <a href='http:\/\/unbound.biola.edu\/'>http:\/\/unbound.biola.edu\/<\/a>","lang":"Spanish","lang_short":"es","copyright":0,"copyright_id":1,"copyright_statement":"","citation_limit":0,"restict":0,"italics":0,"strongs":0,"red_letter":0,"paragraph":0,"official":1,"research":0,"hebrew_text_id":null,"greek_text_id":null,"translation_type_id":null,"rank":100,"module_v2":"1858rv","importer":null,"import_file":null,"delimiter":"|","fields":["book","chapter","verse","text","italics","strongs"]}