{"name":"Reina Valera 1858 NT","shortname":"RV 1858","module":"rv_1858","year":"1858","description":"<b>Spanish: Reina Valera NT (1858)<\/b><p \/>EL NUEVO TESTAMENTO DE NUESTRO SE\u00d1OR JESU-CRISTO (1858)<br \/><br \/>This Bible imported from The Unbound Bible <a href='http:\/\/unbound.biola.edu\/'>http:\/\/unbound.biola.edu\/<\/a>","lang":"Spanish","lang_short":"es","copyright":0,"italics":0,"strongs":0,"official":1,"research":0,"rank":100,"module_v2":"1858rv","delimiter":"|","fields":["book","chapter","verse","text","italics","strongs"]}