{"name":"Uwsp\u00f3\u0142cze\u015bniona Biblia Gda\u0144ska","shortname":"UBG","module":"pol_ubg","year":"2017","publisher":"Gate of Hope Foundation","owner":"Gate of Hope Foundation","description":"<h2>Uwsp\u00f3\u0142cze\u015bniona Biblia Gda\u0144ska (PUBG)<\/h2><h3>Uwsp\u00f3\u0142cze\u015bniona Biblia Gda\u0144ska<\/h3> <p>This project is being undertaken by the Gate of Hope Foundation. Its founders are Brent Riggs and Joe West. Brent and Joe have both been pastors and gospel preachers for more than 30 years. They have worked closely with Polish nationals to update the old grammar and vocabulary of the 1632 Polish Gda\u0144sk Bible. As of April 2017, the entire Bible is finished and is being printed. It should be available by June 15. For more information, visit the website at<\/p> <a href=\"http:\/\/www.wrotanadziei.org\">www.wrotanadziei.org<\/a> <p>Ten projekt jest realizowany przez Fundacj\u0119 Wrota Nadziei. Fundatorami s\u0105 Brent Riggs i Joe West. Brent and Joe s\u0105 pastorami i kaznodziejami ewangelii od ponad 30-stu lat. Pracowali \u015bci\u015ble z Polakami, \u017ceby uwsp\u00f3\u0142cze\u015bni\u0107 archaiczn\u0105 gramatyk\u0119 i s\u0142ownictwo Biblii Gda\u0144skiej z roku 1632. Od kwietnia 2017, ca\u0142a Biblia ju\u017c jest gotowa i w trakcie wydruku. Powinien by\u0107 w sprzeda\u017cy od drugiej po\u0142owy czerwca. Wi\u0119cej informacji mo\u017cna uzyska\u0107 na stronie <\/p> <a href=\"http:\/\/www.wrotanadziei.org\">www.wrotanadziei.org<\/a> <h2>Copyright Information<\/h2> <p>\u00a9 2017 Gate of Hope Foundation<\/p> <p>The publisher authorizes all copying and distribution of this work both in part and in its entirety, under the condition that it is done completely free of charge and that the content remains completely unchanged. Distribution for commercial purposes requires written permission from the Foundation.<\/p> <p>Gate of Hope Foundation<\/p> <p>ul. Armii Ludowej 71b lok. 26<\/p> <p>87-100 Toru\u0144, Polska<\/p> <a href=\"http:\/\/www.wrotanadziei.org\">www.wrotanadziei.org<\/a> <p>\u00a9 2017 Fundacja Wrota Nadziei<\/p> <p>Wydawca wyra\u017ca zgod\u0119 na kopiowanie i rozpowszechnianie ca\u0142o\u015bci lub cz\u0119\u015bci publikacji, jednak bez czerpania z tego korzy\u015bci finansowych i bez wprowadzania jakichkolwiek zmian. Powielanie do cel\u00f3w komercyjnych wymaga pisemnej zgody Fundacji.<\/p> <p>Fundacja Wrota Nadziei<\/p> <p>ul. Armii Ludowej 71b lok. 26<\/p> <p>87-100 Toru\u0144, Polska<\/p> <p><a href=\"http:\/\/www.wrotanadziei.org\">www.wrotanadziei.org<\/a><\/p><br \/><br \/>This Bible imported from MySword <a href='https:\/\/mysword.info\/download-mysword\/bibles'>https:\/\/mysword.info\/download-mysword\/bibles<\/a>","lang":"","lang_short":"pl","copyright":0,"copyright_id":3,"copyright_statement":"<p>&copy; 2017 Gate of Hope Foundation<\/p>\n\n<p>The publisher authorizes all copying and distribution of this work both in part and in its entirety, under the condition that it is done completely free of charge and that the content remains completely unchanged. Distribution for commercial purposes requires written permission from the Foundation.<\/p>","url":null,"citation_limit":0,"restrict":0,"italics":0,"strongs":0,"red_letter":0,"paragraph":0,"official":1,"research":0,"hebrew_text_id":null,"greek_text_id":null,"translation_type_id":null,"rank":1000,"module_v2":null,"module_version":"5.6.20alpha","importer":null,"import_file":null,"delimiter":"|","fields":["book","chapter","verse","text","italics","strongs"]}