{"name":"Bungo-yaku: Taisho-kaiyaku (NT) (1950), Meiji-yaku (OT) (1953)","shortname":"Bungo","module":"bungo","year":"1950\/1953","publisher":null,"owner":null,"description":"Classical Japanese Bible, Public Domain.<p>Combination of Classical Japanese Bible, the New Testament published in 1917 (so called Taisho-Kaiyaku) and the Old Testament published in 1887 (Meiji-Yaku). This text is based on those printed in 1950(NT) and 1953(OT).<\/p><br \/><br \/>This Bible imported from MySword <a href='https:\/\/mysword.info\/download-mysword\/bibles'>https:\/\/mysword.info\/download-mysword\/bibles<\/a>","lang":"","lang_short":"ja","copyright":0,"copyright_id":1,"copyright_statement":"","url":null,"citation_limit":0,"restrict":0,"italics":0,"strongs":0,"red_letter":0,"paragraph":0,"official":1,"research":1,"hebrew_text_id":null,"greek_text_id":null,"translation_type_id":null,"rank":1000,"module_v2":null,"module_version":"5.6.20alpha","importer":null,"import_file":null,"delimiter":"|","fields":["book","chapter","verse","text","italics","strongs"]}