{"name":"Kitab sutyi prejanjian anyar ing Basa Jawa Suriname sing gampang","shortname":"Prajanjian Anyar ing Basa Jawa","module":"jv_jvn","year":"2009","publisher":"Wycliffe Bible Translators, Inc.","owner":"Wycliffe Bible Translators, Inc.","description":"<h2>Kitab sutyi prejanjian anyar ing Basa Jawa Suriname sing gampang<\/h2><h2>New Testament in Javanese, Caribbean (NS:jvn:Javanese, Caribbean)<\/h2><p>copyright \u00a9 2009 <a href=\"http:\/\/www.wycliffe.org\">Wycliffe Bible Translators, Inc.<\/a><br>Language: <a href=\"http:\/\/www.ethnologue.org\/language\/jvn\">Javanese, Caribbean<\/a><br>Translation by: Wycliffe Bible Translators, Inc.<br><br>&nbsp;<\/p><p>Javanese, Caribbean<br>jvn<br>Suriname<\/p><h2>Copyright Information<\/h2><p>\u00a9 2009, Wycliffe Bible Translators, Inc. All rights reserved.<\/p><p>This translation text is made available to you under the terms of the Creative Commons License: Attribution-Noncommercial-No Derivative Works. (http:\/\/creativecommons.org\/licenses\/by-nc-nd\/3.0\/) In addition, you have permission to port the text to different file formats, as long as you do not change any of the text or punctuation of the Bible.<\/p><p>You may share, copy, distribute, transmit, and extract portions or quotations from this work, provided that you include the above copyright information:<\/p><ul><li>You must give Attribution to the work.<\/li><li>You do not sell this work for a profit.<\/li><li>You do not make any derivative works that change any of the actual words or punctuation of the Scriptures.<\/li><\/ul><p>Permissions beyond the scope of this license may be available if you contact us with your request.<\/p><p><strong>The New Testament<\/strong>&nbsp;<br>in Javanese, Caribbean<\/p><p><br>\u00a9 2009, Wycliffe Bible Translators, Inc. All rights reserved.<\/p><p>&nbsp;<\/p><p>This translation is made available to you under the terms of the <a href=\"http:\/\/creativecommons.org\/licenses\/by-nc-nd\/4.0\/\">Creative Commons Attribution-Noncommercial-No Derivatives license 4.0.<\/a><\/p><p>You may share and redistribute this Bible translation or extracts from it in any format, provided that:<\/p><ul><li>You include the above copyright and source information.<\/li><li>You do not sell this work for a profit.<\/li><li>You do not change any of the words or punctuation of the Scriptures.<\/li><\/ul><p>Pictures included with Scriptures and other documents on this site are licensed just for use with those Scriptures and documents. For other uses, please contact the respective copyright owners.<\/p>","lang":null,"lang_short":"jv","copyright":0,"copyright_id":11,"copyright_statement":"","url":null,"citation_limit":0,"restrict":0,"italics":0,"strongs":0,"red_letter":0,"paragraph":0,"official":1,"research":1,"hebrew_text_id":null,"greek_text_id":null,"translation_type_id":null,"rank":1000,"module_v2":null,"module_version":"5.6.20alpha","importer":null,"import_file":null,"delimiter":"|","fields":["book","chapter","verse","text","italics","strongs"]}