{"name":"NOWEJ BIBLII GDANSKIEJ","shortname":"NBG","module":"pol_nbg","year":"2012","publisher":"Slaskie Towarzystwo Biblijne","owner":"Slaskie Towarzystwo Biblijne","description":"<p>Cale Pismo natchnione jest przez Boga oraz pomocne do nauki, do dowodu , do \n\trewizji, do wychowania dzieci w sprawiedliwosci;\n\t<br \/>\n\taby czlowiek Boga byl przygotowany i wyposazony do kazdego szlachetnego \n\tdzialania.<\/p>\t\n\t<p>Zas zaswiadczam kazdemu, kto slucha sl\u00f3w proroctwa tego zwoju: Jesli ktos doda do tego - B\u00f3g doda na niego cios\u00f3w opisanych w tym zwoju. \n\tA jesli ktos ujmie ze sl\u00f3w proroctwa tego zwoju - B\u00f3g ujmie jego czesc  ze Zwoju Zycia i ze swietego miasta; tych, co sa opisane w tym zwoju.<\/p>\n<hr\/>\n\n<p align=\"center\" class=\"MsoNormal\">\n\t<b><span>INFORMACJE O NOWEJ BIBLII GDANSKIEJ<\/span><\/b><\/p>\n<p class=\"MsoNormal\">\n\t<span>Slaskie Towarzystwo Biblijne przedstawia nowe tlumaczenie \n\tPisma Swietego (Biblii); przede wszystkim dziekujac Panu Jezusowi, ze pozwolil \n\tnam wykonac to zadanie. <\/span><\/p>\n<p class=\"MsoNormal\">\n\t<span>Przeklad ten nie jest jednak oderwany od tlumaczen dokonanych w \n\tprzeszlosci. Jako punkt wyjscia przyjelismy tak zwana Biblie <i>Gdanska,<\/i> \n\twydana przed 360 laty. Stad nazwa niniejszego przekladu - <i>Nowa<\/i> Biblia <i>\n\tGdanska<\/i>.\n <\/span>\n<\/p>\n\n<p class=\"MsoNormal\">\n\t<span>Stary Testament opracowalismy na bazie hebrajsko - polskiego przekladu <i>\n\tTanach<\/i> - dokonanego przez Izaaka Cylkowa, greckiego tekstu Septuaginty oraz \n\tBiblii Gdanskiej; zas Nowy Testament tlumaczylismy ze zbioru greckich \n\tmanuskrypt\u00f3w, znanych jako &quot;Textus Receptus&quot;. <\/span><\/p>\n<p class=\"MsoNormal\">\n\t<span>R\u00f3znice, badz odniesienia, oznaczono symbolami: <b><s><sup>TR<\/sup><\/s><\/b>\n\t<s>Textus Receptus<\/s>, <b><sup>C<\/sup> C<\/b>ylkow, <b><sup>S <\/sup>S<\/b>eptuaginta,\n\t<b><sup>BG <\/sup>B<\/b>iblia <b>G<\/b>danska.<br \/><br \/>\n\tCzerwonym drukiem napisano numeracje wierszy, gwiazdki *, symbole odnosnik\u00f3w oraz slowa dodane; niebieskim \u2013 odniesienia do innych Ksiag.  <\/span>\n<\/p>\n<p class=\"MsoNormal\">\n\t<span>W przypisach najczesciej podajemy rozszerzone znaczenie hebrajskich, lub \n\tgreckich sl\u00f3w. Poniewaz nie zawsze jeden polski wyraz przekazuje istotne \n\telementy semantycznej struktury slowa oryginalu i niekiedy, aby go glebiej \n\tzrozumiec, trzeba sie posilkowac kilkoma wyrazami.  <\/span>\n<\/p>\n<p class=\"MsoNormal\">\n\t<span>Prawa autorskie nie zastrzezone. Powielanie, kopiowanie i propagowanie \n\ttekstu NBG jak najbardziej wskazane (bez zadnych dodatk\u00f3w w tekscie, czy \n\tuzupelnien Pisma). <br \/><br \/> Zainteresowanych drukiem calosci Pisma prosimy o kontakt ze STB. <\/span>\n<\/p>\n\n<p align=\"center\" class=\"MsoNormal\">\n\t<b><span>Slaskie Towarzystwo Biblijne w Katowicach <\/span><\/b><br\/>\n\t<a href=\"http:\/\/www.biblest.com.pl\">http:\/\/www.biblest.com.pl<\/a><\/p><br \/><br \/>This Bible imported from MySword <a href='https:\/\/mysword.info\/download-mysword\/bibles'>https:\/\/mysword.info\/download-mysword\/bibles<\/a>","lang":"","lang_short":"pl","copyright":0,"copyright_id":3,"copyright_statement":"<p>Prawa autorskie nie zastrzezone. Powielanie, kopiowanie i propagowanie tekstu NBG jak najbardziej wskazane (bez zadnych dodatk&oacute;w w tekscie, czy uzupelnien Pisma).<\/p>\n\n<p>Zainteresowanych drukiem calosci Pisma prosimy o kontakt ze STB.<\/p>","url":null,"citation_limit":0,"restict":0,"italics":0,"strongs":0,"red_letter":0,"paragraph":0,"official":1,"research":1,"hebrew_text_id":null,"greek_text_id":null,"translation_type_id":null,"rank":1000,"module_v2":null,"importer":null,"import_file":null,"delimiter":"|","fields":["book","chapter","verse","text","italics","strongs"]}