{"name":"\u06a9\u062a\u0627\u0628\u0650 \u0645\u0642\u062f\u0651\u0633","shortname":"\u06a9\u062a\u0627\u0628\u0650 \u0645\u0642\u062f\u0651\u0633","module":"ur_geo","year":"2019","publisher":"Urdu Geo Version","owner":"Urdu Geo Version","description":"<h2>\u06a9\u062a\u0627\u0628\u0650 \u0645\u0642\u062f\u0651\u0633<\/h2><h2>The Holy Bible in Urdu, Urdu Geo Version, Urdu Script<\/h2><p>Copyright \u00a9 2019 Urdu Geo Version<br>Language: <a href=\"http:\/\/www.ethnologue.org\/language\/urd\">\u0909\u0930\u094d\u0926\u0942 (Urdu)<\/a><br>&nbsp;<\/p><p>This translation is made available to you under the terms of the <a href=\"http:\/\/creativecommons.org\/licenses\/by-nc-nd\/4.0\/\">Creative Commons Attribution-Noncommercial-No Derivatives license 4.0.<\/a><\/p><p>You may share and redistribute this Bible translation or extracts from it in any format, provided that:<\/p><ul><li>You include the above copyright and source information.<\/li><li>You do not sell this work for a profit.<\/li><li>You do not change any of the words or punctuation of the Scriptures.<\/li><\/ul><p>Pictures included with Scriptures and other documents on this site are licensed just for use with those Scriptures and documents. For other uses, please contact the respective copyright owners.<\/p>","lang":null,"lang_short":"ur","copyright":0,"copyright_id":11,"copyright_statement":"","url":null,"citation_limit":0,"restrict":0,"italics":0,"strongs":0,"red_letter":0,"paragraph":0,"official":1,"research":1,"hebrew_text_id":null,"greek_text_id":null,"translation_type_id":null,"rank":1000,"module_v2":null,"module_version":"5.6.20alpha","importer":null,"import_file":null,"delimiter":"|","fields":["book","chapter","verse","text","italics","strongs"]}