{"name":"Bible Kralicka","shortname":"BKR","module":"bkr","year":"","description":"<html><head><meta http-equiv=\"Content-Type\" content=\"text\/html; charset=UTF-8\"><\/head><body><b>Czech BKR<\/b><p \/>Czech Bible Kralicka: Bible svata aneb vsecka svata pisma\nStareho i Noveho Zakona podle posledniho vydani kralickeho z roku 1613.<\/body><\/html>\r\n<br \/><br \/>This Bible imported from The Unbound Bible <a href='http:\/\/unbound.biola.edu\/'>http:\/\/unbound.biola.edu\/<\/a>","lang":"Czech","lang_short":"cs","copyright":0,"italics":0,"strongs":0,"official":1,"research":0,"rank":190,"module_v2":"bkr","delimiter":"|","fields":["book","chapter","verse","text","italics","strongs"]}