{"name":"\u0907\u0902\u0921\u093f\u092f\u0928 \u0930\u0940\u0935\u093e\u0907\u091c\u094d\u0921 \u0935\u0930\u094d\u091c\u0928 (IRV) - \u092e\u0930\u093e\u0920\u0940","shortname":"\u092e\u0930\u093e\u0920\u0940 IRV","module":"mr_irv","year":"2017, 2019","publisher":"Bridge Connectivity Solutions","owner":"Bridge Connectivity Solutions","description":"<h2>\u0907\u0902\u0921\u093f\u092f\u0928 \u0930\u0940\u0935\u093e\u0907\u091c\u094d\u0921 \u0935\u0930\u094d\u091c\u0928 (IRV) - \u092e\u0930\u093e\u0920\u0940<\/h2><h2>The Indian Revised Version Holy Bible in the Marathi language of India<\/h2><p>copyright \u00a9 2017, 2019 <a href=\"https:\/\/bridgeconn.com\/\">Bridge Connectivity Solutions<\/a><br>Language: <a href=\"http:\/\/www.ethnologue.org\/language\/mar\">\u092e\u0930\u093e\u0920\u0940 (Marathi)<\/a><br>Contributor: Bridge Connectivity Solutions Pvt. Ltd.<br>&nbsp;<\/p><p>This translation is made available to you under the terms of the <a href=\"http:\/\/creativecommons.org\/licenses\/by-sa\/4.0\/\">Creative Commons Attribution Share-Alike license 4.0.<\/a><\/p><p>You have permission to share and redistribute this Bible translation in any format and to make reasonable revisions and adaptations of this translation, provided that:<\/p><ul><li>You include the above copyright and source information.<\/li><li>If you make any changes to the text, you must indicate that you did so in a way that makes it clear that the original licensor is not necessarily endorsing your changes.<\/li><li>If you redistribute this text, you must distribute your contributions under the same license as the original.<\/li><\/ul><p>Pictures included with Scriptures and other documents on this site are licensed just for use with those Scriptures and documents. For other uses, please contact the respective copyright owners.<\/p><p>Note that in addition to the rules above, revising and adapting God's Word involves a great responsibility to be true to God's Word. See Revelation 22:18-19.<\/p>","lang":null,"lang_short":"mr","copyright":0,"copyright_id":7,"copyright_statement":"","url":null,"citation_limit":0,"restrict":0,"italics":0,"strongs":0,"red_letter":0,"paragraph":0,"official":1,"research":1,"hebrew_text_id":null,"greek_text_id":null,"translation_type_id":null,"rank":1000,"module_v2":null,"module_version":"5.6.20alpha","importer":null,"import_file":null,"delimiter":"|","fields":["book","chapter","verse","text","italics","strongs"]}