{"name":"Turkish","shortname":"Turkish","module":"turkish","year":"","publisher":null,"owner":null,"description":"<b>Turkish<\/b><p \/><br \/><br \/>This Bible imported from The Unbound Bible <a href='http:\/\/unbound.biola.edu\/'>http:\/\/unbound.biola.edu\/<\/a>","lang":"","lang_short":"tr","copyright":0,"copyright_id":1,"copyright_statement":"","url":null,"citation_limit":0,"restict":0,"italics":0,"strongs":0,"red_letter":0,"paragraph":0,"official":1,"research":1,"hebrew_text_id":null,"greek_text_id":null,"translation_type_id":null,"rank":1000,"module_v2":null,"importer":null,"import_file":null,"installed_at":"2020-04-01 00:00:00","delimiter":"|","fields":["book","chapter","verse","text","italics","strongs"]}