{"name":"Test","shortname":"bbb","module":"bbb","year":"","description":"<b>English: King James Version<\/b><p \/>Imported from <a href='http:\/\/ccat.sas.upenn.edu\/gopher\/text\/religion\/biblical\/'>University of Pennsylvania CCAT Biblical text archive<\/a>.<br \/><br \/>This Bible imported from The Unbound Bible <a href='http:\/\/unbound.biola.edu\/'>http:\/\/unbound.biola.edu\/<\/a>","lang":"Chinese","lang_short":"zh","copyright":0,"italics":0,"strongs":0,"official":0,"research":0,"rank":9999,"module_v2":null,"delimiter":"|","fields":["book","chapter","verse","text","italics","strongs"]}