{"name":"Afrikaans 1953","shortname":"Afrikaans","module":"afri","year":"1953","publisher":null,"owner":null,"description":"<html><head><meta http-equiv=\"Content-Type\" content=\"text\/html; charset=UTF-8\"><\/head><body><b>Afrikaans 1953<\/b><p \/>1933\/1953 Afrikaans Bybel,<br \/>\nCopyright 1933, 1953, Bybelgenootskap van Suid Afrika<p \/>\nThis copyright Bible has kindly been made available by the Bible Society of South Africa, strictly for non-commercial use with The SWORD Project. Please consider making a contribution to them to help fund their continuing efforts in Bible translation, such as their current Southern Ndebele translation project. To contribute towards the distribution of affordable Bibles in South Africa, visit:<br \/>\n<a href='http:\/\/www.biblesociety.co.za\/contributions.htm' target='_blank'>http:\/\/www.biblesociety.co.za\/contributions.htm<\/a>.<\/body><\/html>\r\n<br \/><br \/>This Bible imported from The Unbound Bible <a href='http:\/\/unbound.biola.edu\/'>http:\/\/unbound.biola.edu\/<\/a>","lang":"Afrikanns","lang_short":"af","copyright":0,"copyright_id":1,"copyright_statement":"","citation_limit":0,"restict":0,"italics":0,"strongs":0,"red_letter":0,"paragraph":0,"official":1,"research":0,"hebrew_text_id":null,"greek_text_id":null,"translation_type_id":null,"rank":170,"module_v2":"afri","importer":null,"import_file":null,"delimiter":"|","fields":["book","chapter","verse","text","italics","strongs"]}