{"name":"Thai KJV","shortname":"Thaikjv","module":"thaikjv","year":"2006","publisher":null,"owner":"Philip Pope  https:\/\/www.thaipope.org\/","description":"<p><strong>Thai: from KJV<\/strong><\/p><p>Thai translation of the King James Version from <a href=\"http:\/\/thaipope.org\/webbible\/index.html\">http:\/\/thaipope.org\/webbible\/index.html<\/a><br><br>This Bible imported from The Unbound Bible <a href=\"http:\/\/unbound.biola.edu\/\">http:\/\/unbound.biola.edu\/<\/a><\/p>","lang":"Thai","lang_short":"th","copyright":0,"copyright_id":3,"copyright_statement":"","url":null,"citation_limit":0,"restrict":0,"italics":0,"strongs":0,"red_letter":0,"paragraph":0,"official":1,"research":0,"hebrew_text_id":null,"greek_text_id":null,"translation_type_id":null,"rank":290,"module_v2":"thaikjv","module_version":"5.6.20alpha","importer":null,"import_file":null,"delimiter":"|","fields":["book","chapter","verse","text","italics","strongs"]}