{"name":"Thai KJV","shortname":"Thaikjv","module":"thaikjv","year":"","description":"<html><head><meta http-equiv=\"Content-Type\" content=\"text\/html; charset=UTF-8\"><\/head><body><b>Thai: from KJV<\/b><p \/>Thai translation of the King James Version\nfrom <a href='http:\/\/thaipope.org\/webbible\/index.html' target='_blank'>http:\/\/thaipope.org\/webbible\/index.html<\/a>\n<p \/>\nPermission granted to the CrossWire Bible Society to use and distribute the Thai KJV with the SWORD Project by Philip Pope.<\/body><\/html>\r\n<br \/><br \/>This Bible imported from The Unbound Bible <a href='http:\/\/unbound.biola.edu\/'>http:\/\/unbound.biola.edu\/<\/a>","lang":"Thai","lang_short":"th","copyright":0,"italics":0,"strongs":0,"official":1,"research":0,"rank":290,"module_v2":"thaikjv","delimiter":"|","fields":["book","chapter","verse","text","italics","strongs"]}