{"name":"Textus Receptus Transliterated*","shortname":"Tr_translit","module":"tr_translit","year":"1550 \/ 1884","description":"<html><head><meta http-equiv=\"Content-Type\" content=\"text\/html; charset=UTF-8\"><\/head><body><b>Greek NT: Textus Receptus (1550\/1894)<\/b><p \/>The Textus Receptus, with Strongs Numbers; base text is Stephens 1550, with variants of Scrivener 1894.<\/body><\/html><br><br>Bible text imported from The Unbound Bible http:\/\/unbound.biola.edu<br><br>Transliterated using a custom algorithm produced by the developers of Bible SuperSearch. www.BibleSuperSearch.com","lang":"Greek","lang_short":"el","copyright":0,"italics":0,"strongs":0,"official":1,"research":0,"rank":80,"module_v2":"tr_translit","delimiter":"|","fields":["book","chapter","verse","text","italics","strongs"]}