{"name":"Staten Vertaling","shortname":"Stve","module":"stve","year":"","publisher":null,"owner":null,"description":"<html><head><meta http-equiv=\"Content-Type\" content=\"text\/html; charset=UTF-8\"><\/head><body><b>Dutch Staten Vertaling<\/b><p \/>BIJBEL\n<p \/>\nDAT IS\nDE GANSE HEILIGE SCHRIFT\n<p \/>\nBEVATTENDE AL DE KANONIEKE BOEKEN\nVAN HET\n<p \/>\nOUDE EN NIEUWE TESTAMENT\n<p \/>\nDOOR LAST VAN DE HOOG-MOGENDE HEREN STATEN-GENERAAL DER VERENIGDE NEDERLANDEN EN VOLGENS HET BESLUIT VAN DE SYNODE NATIONAAL GEHOUDEN TE DORDRECHT IN DE JAREN 1618 EN 1619 UIT DE OORSPRONKELIJKE TALEN IN ONZE NEDERLANDSE TAAL GETROUWELIJK OVERGEZET\n<p \/>\nBased on electronic edition from <'a href='http:\/\/www.coas.nl\/bijbel' target='_blank'>http:\/\/www.coas.nl\/bijbel<\/a><\/body><\/html>\r\n<br \/><br \/>This Bible imported from The Unbound Bible <a href='http:\/\/unbound.biola.edu\/'>http:\/\/unbound.biola.edu\/<\/a>","lang":"Dutch","lang_short":"nl","copyright":0,"copyright_id":1,"copyright_statement":"","citation_limit":0,"restict":0,"italics":0,"strongs":0,"red_letter":0,"paragraph":0,"official":1,"research":0,"hebrew_text_id":null,"greek_text_id":null,"translation_type_id":null,"rank":200,"module_v2":"stve","importer":null,"import_file":null,"delimiter":"|","fields":["book","chapter","verse","text","italics","strongs"]}