{"name":"Louis Segond 1910","shortname":"Segond 1910","module":"segond_1910","year":"1910","publisher":null,"owner":null,"description":"<p>Version Louis Segond 1910 (LSG)<\/p>\n\n<p>Texte libre de droits<\/p>\n\n<p>&nbsp;<\/p>\n\n<p>Strongs (c) Timnathserah, Inc - Canada &amp; Editions CLE - Villeurbanne - France<br \/>\n<br \/>\nThis Bible imported from MySword <a href=\"https:\/\/mysword.info\/download-mysword\/bibles\">https:\/\/mysword.info\/download-mysword\/bibles<\/a><\/p>\n","lang":"","lang_short":"fr","copyright":0,"copyright_id":1,"copyright_statement":"","url":null,"citation_limit":0,"restict":0,"italics":0,"strongs":0,"red_letter":0,"paragraph":0,"official":0,"research":0,"hebrew_text_id":null,"greek_text_id":null,"translation_type_id":null,"rank":1000,"module_v2":null,"importer":null,"import_file":null,"installed_at":"2020-05-14 09:58:56","delimiter":"|","fields":["book","chapter","verse","text","italics","strongs"]}