{"name":"Swahili NT","shortname":"Swahili NT","module":"swahili","year":"","publisher":null,"owner":null,"description":"<p><strong>Swahili NT<\/strong><\/p>\n\n<p>Public Domain Swahili New Testament<\/p>\n\n<p>PLEASE MAKE COPIES FOR YOUR FRIENDS, NO ROYALTY DUE.<br \/>\n<br \/>\nThis Bible imported from The Unbound Bible <a href=\"http:\/\/unbound.biola.edu\/\">http:\/\/unbound.biola.edu\/<\/a><\/p>\n","lang":"","lang_short":"sw","copyright":0,"copyright_id":1,"copyright_statement":"","url":null,"citation_limit":0,"restrict":0,"italics":0,"strongs":0,"red_letter":0,"paragraph":0,"official":1,"research":1,"hebrew_text_id":null,"greek_text_id":null,"translation_type_id":null,"rank":9999,"module_v2":null,"module_version":"5.6.20alpha","importer":null,"import_file":null,"delimiter":"|","fields":["book","chapter","verse","text","italics","strongs"]}