{"name":"\u0905\u0928\u0932\u0915 \u0936\u093e\u092c\u094d\u0926\u093f\u0915 \u092c\u093e\u0907\u092c\u0932","shortname":"\u0905\u0928\u0932\u0915 \u0936\u093e\u092c\u094d\u0926\u093f\u0915 \u092c\u093e\u0907\u092c\u0932","module":"ne_ulb","year":"2019","publisher":"Door43 World Missions Community","owner":"Door43 World Missions Community","description":"<h2>\u092a\u0935\u093f\u0924\u094d\u0930 \u092c\u093e\u0907\u092c\u0932<\/h2><h2>The Holy Bible in the Nepali language, Unlocked Literal Bible translation.<\/h2><p>copyright \u00a9 2019 <a href=\"https:\/\/door43.org\/\">Door43 World Missions Community<\/a><br>Language: <a href=\"http:\/\/www.ethnologue.org\/language\/npi\">\u0928\u0947\u092a\u093e\u0932\u0940 (Nepali)<\/a><br>Translation by: Door43 World Missions Community<br>Contributor: Aliya Shrestha, Ananda Khadka, Deepak Raj Giri, Devendra Bhattarai, Dinesh Rai, Diwash Tamang, Hari Prasad Regmi, Hum Lamtari, Krishna B Bahora, Kumar Bardewa, Mohan Rai, Nabin Darmali, Prem Krishna Maharjan, Ramesh Basnet, Salome Bhatta, Samuel Mabohang, Shailendra Subba, Sharan Kumar Rai, Simon Magarati, Titak Basnet, Utter Kumar Rai, Yogendra Thapa, Amos Gajmer, Hari Prasad Regmi, Lok Bahadur Sunuwar, Mrs. Sareeta Giri, Pastor Ait Bahadur Tumbahangphe, Jesus Family Church, Pastor Bishnu Basnet, Anugraha Jyoti Church, Pastor Philip Subedi, Rev. Rajendra Malla, Rev. Shiva Hari Bhattarai, National Churches Fellowship of Nepal, Rev. Sunder Bahadur Thapa<br>&nbsp;<\/p><p>This translation is made available to you under the terms of the <a href=\"http:\/\/creativecommons.org\/licenses\/by-sa\/4.0\/\">Creative Commons Attribution Share-Alike license 4.0.<\/a><\/p><p>You have permission to share and redistribute this Bible translation in any format and to make reasonable revisions and adaptations of this translation, provided that:<\/p><ul><li>You include the above copyright and source information.<\/li><li>If you make any changes to the text, you must indicate that you did so in a way that makes it clear that the original licensor is not necessarily endorsing your changes.<\/li><li>If you redistribute this text, you must distribute your contributions under the same license as the original.<\/li><\/ul><p>Pictures included with Scriptures and other documents on this site are licensed just for use with those Scriptures and documents. For other uses, please contact the respective copyright owners.<\/p><p>Note that in addition to the rules above, revising and adapting God's Word involves a great responsibility to be true to God's Word. See Revelation 22:18-19.<\/p>","lang":null,"lang_short":"ne","copyright":0,"copyright_id":7,"copyright_statement":"","url":null,"citation_limit":0,"restrict":0,"italics":0,"strongs":0,"red_letter":0,"paragraph":0,"official":1,"research":1,"hebrew_text_id":null,"greek_text_id":null,"translation_type_id":null,"rank":1000,"module_v2":null,"module_version":"5.5.2","importer":null,"import_file":null,"delimiter":"|","fields":["book","chapter","verse","text","italics","strongs"]}