{"name":"Elberfelder (1905)","shortname":"Elberfelder (1905)","module":"elberfelder_1905","year":"","publisher":null,"owner":null,"description":"<html><head><meta http-equiv=\"Content-Type\" content=\"text\/html; charset=UTF-8\"><\/head><body><b>German: Elberfelder (1905)<\/b><p \/>German Darby Unrevidierte Elberfelder 1905,<br \/>\nCopyright by R. Bockhaus Verlages<\/body><\/html>\r\n<br \/><br \/>This Bible imported from The Unbound Bible <a href='http:\/\/unbound.biola.edu\/'>http:\/\/unbound.biola.edu\/<\/a>","lang":null,"lang_short":"de","copyright":0,"copyright_id":1,"copyright_statement":"","url":null,"citation_limit":0,"restrict":0,"italics":0,"strongs":0,"red_letter":0,"paragraph":0,"official":1,"research":1,"hebrew_text_id":null,"greek_text_id":null,"translation_type_id":null,"rank":1000,"module_v2":null,"module_version":"5.0.0","importer":null,"import_file":null,"delimiter":"|","fields":["book","chapter","verse","text","italics","strongs"]}