{"name":"Tradu\u00e7\u00e3o de Jo\u00e3o Ferreira de Almeida (Vers\u00e3o Revista e Atualizada)","shortname":"JFA-RA","module":"almeida_ra","year":"","publisher":null,"owner":null,"description":"<p>Tradu&ccedil;&atilde;o: - Jo&atilde;o Ferreira de Almeida: (Vers&atilde;o Revista e Actualizada, grafia usada na Europa)<\/p>\n\n<p>O texto desta tradu&ccedil;&atilde;o foi copiado duma antiga vers&atilde;o da<\/p>\n\n<p>B&iacute;blia Sagrada Gratuita por Eliseu F. A. JR.<\/p>\n\n<p>Faltava Miqueias 1:12-14; Lucas 9:61; Lucas 22:56; etc....<\/p>\n\n<p>Entre outros Ju&iacute;zes 9:4 estava incompleto.<\/p>\n\n<p>Al&eacute;m de outros que n&atilde;o anotei.<\/p>\n\n<p>Tamb&eacute;m a copiei dos seguintes &laquo;sites&raquo; que tem a mesma vers&atilde;o da B&iacute;blia<\/p>\n\n<p>http:\/\/www.jesus.org.uk\/bible\/Portuguese<\/p>\n\n<p>http:\/\/unbound.biola.edu\/index.cfm?method=downloads.showDownloadMain<\/p>\n\n<p>Tamb&eacute;m copiei o Antigo Testamento, do seguinte site judaico.<\/p>\n\n<p>http:\/\/www.judaismo-iberico.org\/interlinear\/tanakh\/indexpt.htm<\/p>\n\n<p>Obs.: Tinham v&aacute;rios erros e alguns versos corrompidos, mas eu corrigi<\/p>\n\n<p>a maioria dos erros e das corrup&ccedil;&otilde;es com a ajuda de um dicion&aacute;rio de<\/p>\n\n<p>portugu&ecirc;s que constru&iacute; para o efeito, no editor de texto &laquo;PSPad&raquo;.<\/p>\n\n<p>Consultei v&aacute;rias tradu&ccedil;&otilde;es da B&iacute;blia em paralelo neste programa.<\/p>\n\n<p>&laquo;In the beginning was the word&raquo;<\/p>\n\n<p>Tamb&eacute;m consultei v&aacute;rias tradu&ccedil;&otilde;es em papel da B&iacute;blia.<\/p>\n\n<p>Consultei ainda a tradu&ccedil;&atilde;o em MP3 no site:<\/p>\n\n<p>http:\/\/worldwide.familyradio.org\/pt\/mp3\/bible\/frame<\/p>\n\n<p>Corrigi a ortografia para a usada em Portugal.<\/p>\n\n<p>Tamb&eacute;m corrigi v&aacute;rios versos corrompidos e adicionei os que<\/p>\n\n<p>estavam em falta.<br \/>\n<br \/>\nThis Bible imported from MySword <a href=\"https:\/\/mysword.info\/download-mysword\/bibles\">https:\/\/mysword.info\/download-mysword\/bibles<\/a><\/p>\n","lang":"","lang_short":"pt","copyright":0,"copyright_id":1,"copyright_statement":"","url":null,"citation_limit":0,"restict":0,"italics":0,"strongs":0,"red_letter":0,"paragraph":0,"official":1,"research":1,"hebrew_text_id":null,"greek_text_id":null,"translation_type_id":null,"rank":1000,"module_v2":null,"importer":null,"import_file":null,"delimiter":"|","fields":["book","chapter","verse","text","italics","strongs"]}