{"name":"Finnish 1776 (Finnish)","shortname":"Finnish","module":"finn","year":"1776","publisher":null,"owner":null,"description":"<html><head><meta http-equiv=\"Content-Type\" content=\"text\/html; charset=UTF-8\"><\/head><body><b>Finnish: Bible (1776)<\/b><p \/>Biblia, Se on: Koko Pyh\u00e4 Raamattu, Suomeksi.<br \/>\nVuoden 1776 kirkkoraamattu.\n<p \/>\nFinnish Bible published in 1776.\n<p \/>\nIn public domain.\n<p \/>\nSWORD version by Tero Favorin (tero at favorin dot com)<\/body><\/html>\r\n<br \/><br \/>This Bible imported from The Unbound Bible <a href='http:\/\/unbound.biola.edu\/'>http:\/\/unbound.biola.edu\/<\/a>","lang":"Finnish","lang_short":"fi","copyright":0,"copyright_id":1,"copyright_statement":"","citation_limit":0,"restict":0,"italics":0,"strongs":0,"red_letter":0,"paragraph":0,"official":1,"research":0,"hebrew_text_id":null,"greek_text_id":null,"translation_type_id":null,"rank":210,"module_v2":"finn","importer":null,"import_file":null,"delimiter":"|","fields":["book","chapter","verse","text","italics","strongs"]}