{"name":"Haitian Creole Version ","shortname":"HCV","module":"hcv","year":"","publisher":null,"owner":null,"description":"\r\n<h2>Haitian Creole Version <\/h2><br \/><br \/>This Bible imported from Bible Analyzer <a href='http:\/\/www.bibleanalyzer.com\/download.htm'>http:\/\/www.bibleanalyzer.com\/download.htm<\/a>","lang":null,"lang_short":"ht","copyright":0,"copyright_id":1,"copyright_statement":"","url":null,"citation_limit":0,"restrict":0,"italics":0,"strongs":0,"red_letter":0,"paragraph":0,"official":1,"research":1,"hebrew_text_id":null,"greek_text_id":null,"translation_type_id":null,"rank":1000,"module_v2":null,"module_version":"5.5.2","importer":null,"import_file":null,"delimiter":"|","fields":["book","chapter","verse","text","italics","strongs"]}