{"name":"NET Bible\u00ae","shortname":"NET","module":"net","year":"1996-2016","publisher":"Biblical Studies Press, L.L.C.","owner":"Biblical Studies Press, L.L.C.","description":"<h3>NET Bible Copyright 2nd Edition (2017)<\/h3>\n\n<p>The NET Bible&reg; verse text (no Notes) can be used by anyone and integrated into your non-commercial project or publication upon condition of proper Biblical Studies Press copyright and organizational acknowledgments ... (<a href=\"http:\/\/netbible.com\/net-bible-copyright\" rel=\"nofollow\">http:\/\/netbible.com\/net-bible-copyright<\/a>)<\/p>\n\n<h4>Copyright and organizational acknowledgments:<\/h4>\n\n<p>NET BIble&reg; Copyright THE NET BIBLE&reg;, New English Translation (NET) Scripture quoted by permission. Quotations designated (NET) are from the NET Bible&reg; copyright &copy;1996-2016 by Biblical Studies Press, L.L.C. <a href=\"http:\/\/netbible.com\" rel=\"nofollow\">http:\/\/netbible.com<\/a> All rights reserved. The names: THE NET BIBLE&reg;, NEW ENGLISH TRANSLATION COPYRIGHT (c) 1996 BY BIBLICAL STUDIES PRESS, L.L.C. NET Bible&reg; IS A REGISTERED TRADEMARK THE NET BIBLE&reg; LOGO, SERVICE MARK COPYRIGHT (c) 1997 BY BIBLICAL STUDIES PRESS, L.L.C. ALL RIGHTS RESERVEDSATELLITE IMAGERY COPYRIGHT (c) R&Oslash;HR PRODUCTIONS LTD. AND CENTRE NATIONAL D&#39;&Eacute;TUDES SPATIALES PHOTOGRAPHS COPYRIGHT (c) R&Oslash;HR PRODUCTIONS LTD.<\/p>\n\n<h4>NET Bible First Edition to Second Edition Changes<\/h4>\n\n<p>Please see <a href=\"https:\/\/netbible.com\/changes\">https:\/\/netbible.com\/changes<\/a><\/p>\n\n<h4>Naming Convention:<\/h4>\n\n<ul>\n\t<li>For verses quoted, in limited space situations the three letter abbreviation is:&nbsp;<strong>NET<\/strong><\/li>\n\t<li>Alternately, the following may be used:\n\t<ul>\n\t\t<li>NET Bible&reg;<\/li>\n\t\t<li>NET<\/li>\n\t\t<li>Please avoid: New English Translation Bible or just&nbsp;New English Translation<\/li>\n\t<\/ul>\n\t<\/li>\n\t<li>If you quote the NET Bible in your entire work in lieu of saying&nbsp;<strong>NET<\/strong>&nbsp;after each scripture you may include the following acknowledgement on your acknowledgement page\n\t<ul>\n\t\t<li>&quot;&nbsp;Scripture quoted by permission. All scripture quotations, unless otherwise indicated, are&nbsp;taken from the NET Bible&reg; copyright &copy;1996-2016 by Biblical Studies Press, L.L.C.&nbsp;All rights reserved.&quot;<\/li>\n\t<\/ul>\n\t<\/li>\n\t<li><strong>Within copyright statements or in discussion about the NET Bible, the following is preferred: &nbsp; Scripture quoted by permission. Quotations designated (NET) are from the NET Bible&reg; copyright &copy;1996-2016 by Biblical Studies Press, L.L.C.&nbsp;<\/strong><a href=\"http:\/\/netbible.com\/\"><strong>http:\/\/netbible.com<\/strong><\/a><strong>&nbsp;All rights reserved.&nbsp;<\/strong><br \/>\n\t&nbsp;The names: THE NET BIBLE&reg;, NEW ENGLISH TRANSLATION COPYRIGHT (c) 1996 BY BIBLICAL STUDIES PRESS, L.L.C. NET Bible&reg; IS A &nbsp;REGISTERED TRADEMARK THE NET BIBLE&reg; LOGO, SERVICE MARK COPYRIGHT (c) 1997 BY BIBLICAL STUDIES PRESS, L.L.C. ALL RIGHTS RESERVED<br \/>\n\tSATELLITE IMAGERY COPYRIGHT (c) R&Oslash;HR PRODUCTIONS LTD. AND CENTRE NATIONAL D&#39;&Eacute;TUDES SPATIALES PHOTOGRAPHS COPYRIGHT (c) R&Oslash;HR PRODUCTIONS LTD.<\/li>\n<\/ul>\n\n<p>&nbsp;<\/p>\n\n<p><br \/>\nThis Bible imported from MySword <a href=\"https:\/\/mysword.info\/download-mysword\/bibles\">https:\/\/mysword.info\/download-mysword\/bibles<\/a><\/p>\n\n<p>&nbsp;<\/p>\n","lang":null,"lang_short":"en","copyright":0,"copyright_id":3,"copyright_statement":"<p>NET Bible&reg;&nbsp;<a href=\"https:\/\/netbible.com\/\">http:\/\/netbible.com<\/a>&nbsp;copyright &copy;1996, 2016&nbsp;used with permission from Biblical Studies Press, L.L.C. All rights reserved.<\/p>","url":null,"citation_limit":0,"restrict":0,"italics":0,"strongs":0,"red_letter":0,"paragraph":0,"official":1,"research":1,"hebrew_text_id":null,"greek_text_id":null,"translation_type_id":null,"rank":1000,"module_v2":null,"module_version":"5.6.20alpha","importer":null,"import_file":null,"delimiter":"|","fields":["book","chapter","verse","text","italics","strongs"]}