{"name":"Tikin\u010di\u0173j\u0173 Paveldo Vertimas","shortname":"Paveldo","module":"lt_heritage","year":"2022-2024","publisher":"Believers' Bible Society, Inc.","owner":"Believers' Bible Society, Inc.","description":"<h2>Tikin\u010di\u0173j\u0173 paveldo vertimas<\/h2><h2>The Holy Bible in Lithuanian, Believers' Heritage Translation<\/h2><p>Copyright \u00a9 2022-2024 Believers' Bible Society, Inc.<br>Language: <a href=\"http:\/\/www.ethnologue.org\/language\/lit\">lietuvi\u0173 (Lithuanian)<\/a><br><br>&nbsp;<\/p><h3>Licencija<\/h3><p>\u00a9 2022\u20132024 Believers Bible Society, Inc. \u0160is objektas [k\u016brinys] licencijuojamas pagal Creative Commons Priskyrimas - Analogi\u0161kas platinimas 4.0 Tarptautin\u0117 licencijos s\u0105lygas. Nor\u0117dami per\u017ei\u016br\u0117ti \u0161i\u0105 licencij\u0105, spauskite \u0161i\u0105 nuorod\u0105 arba si\u0173skite lai\u0161k\u0105 adresu Creative Commons, PO Box 1866, Mountain View, CA 94042, JAV.<\/p><h3>Licencijos santrauka \u017emon\u0117ms suprantama kalba<\/h3><p>\u010cia yra \u017emon\u0117ms suprantama licenzijos (sutarties) santrauka (bet ne pakaitalas).<\/p><h3>J\u016bs galite:<\/h3><ul><li><i>Dalintis<\/i> \u2014 kopijuoti ir platinti med\u017eiag\u0105 bet kokiomis priemon\u0117mis ir formatais.<\/li><li><i>Adaptuoti<\/i> \u2014 remiksuoti, perdirbti ar kurti \u0161ios med\u017eiagos pagrindu bet kokiais tikslais, net ir komerciniais.<\/li><li><i>Priskyrimas<\/i> [vert\u0117jo(-\u0173), autoriaus(-i\u0173) pripa\u017einimas] \u2014 Privalote nurodyti autoryst\u0119, \u012fd\u0117ti nuorod\u0105 \u012f licencij\u0105 bei nurodyti, ar atlikote pakeitim\u0173. Galite tai daryti bet kokiu protingumo kriterijus atitinkan\u010diu b\u016bdu, ta\u010diau ne tokiu b\u016bdu, kuris sudaryt\u0173 \u012fsp\u016bd\u012f, kad licenciaras pritaria J\u016bs\u0173 veiksmams ar tam, kaip panaudotoje objekt\u0105.<\/li><li><i>Analogi\u0161kas platinimas<\/i> \u2014 Jei remiksuojate, perdirbate ar kuriate \u0161ios med\u017eiagos pagrindu, tokios veiklos rezultatus privalote platinti panaudodami t\u0105 pa\u010di\u0105 licencij\u0105, kuri naudota originalui.<\/li><li><i>Joki\u0173 papildom\u0173 apribojim\u0173<\/i> \u2014 Negalite taikyti teisini\u0173 priemoni\u0173 nei technologini\u0173 priemoni\u0173, kurios teisi\u0161kai apribot\u0173 kit\u0173 galimybes daryti tai, k\u0105 licencija leid\u017eia.<ul><li>You include the above copyright and source information.<\/li><li>If you make any changes to the text, you must indicate that you did so in a way that makes it clear that the original licensor is not necessarily endorsing your changes.<\/li><li>If you redistribute this text, you must distribute your contributions under the same license as the original.<\/li><\/ul><\/li><\/ul>","lang":null,"lang_short":"lt","copyright":0,"copyright_id":7,"copyright_statement":"","url":null,"citation_limit":0,"restrict":0,"italics":0,"strongs":0,"red_letter":0,"paragraph":0,"official":1,"research":0,"hebrew_text_id":null,"greek_text_id":null,"translation_type_id":null,"rank":1000,"module_v2":null,"module_version":"5.6.20alpha","importer":null,"import_file":null,"delimiter":"|","fields":["book","chapter","verse","text","italics","strongs"]}