{"name":"Diodati","shortname":"Diodati","module":"diodati","year":"1649","description":"<b>Italian: Giovanni Diodati Bible (1649)<\/b><p \/>1649 Italian Giovanni Diodati Bibbia<br \/><br \/>This Bible imported from The Unbound Bible <a href='http:\/\/unbound.biola.edu\/'>http:\/\/unbound.biola.edu\/<\/a>","lang":"Italian","lang_short":"it","copyright":0,"italics":0,"strongs":0,"official":1,"research":0,"rank":230,"module_v2":"diodati","delimiter":"|","fields":["book","chapter","verse","text","italics","strongs"]}