{"name":"Diodati","shortname":"Diodati","module":"diodati","year":"1649","publisher":null,"owner":null,"description":"<b>Italian: Giovanni Diodati Bible (1649)<\/b><p \/>1649 Italian Giovanni Diodati Bibbia<br \/><br \/>This Bible imported from The Unbound Bible <a href='http:\/\/unbound.biola.edu\/'>http:\/\/unbound.biola.edu\/<\/a>","lang":"Italian","lang_short":"it","copyright":0,"copyright_id":null,"citation_limit":0,"restict":0,"italics":0,"strongs":0,"red_letter":0,"paragraph":0,"official":1,"research":0,"hebrew_text_id":null,"greek_text_id":null,"translation_type_id":null,"rank":230,"module_v2":"diodati","importer":null,"import_file":null,"delimiter":"|","fields":["book","chapter","verse","text","italics","strongs"]}