{"name":"Terjemahan Lama","shortname":"Indonesian TM","module":"indo_tm","year":"1954 \/ 1965","publisher":null,"owner":null,"description":"<p>Indonesian Terjemahan Lama<br \/>\n<br \/>\nThis Bible imported from Bible Analyzer <a href=\"http:\/\/www.bibleanalyzer.com\/download.htm\">http:\/\/www.bibleanalyzer.com\/download.htm<\/a><\/p>\n","lang":"Indonesian","lang_short":"id","copyright":0,"copyright_id":1,"copyright_statement":"","url":null,"citation_limit":0,"restrict":0,"italics":0,"strongs":0,"red_letter":0,"paragraph":0,"official":1,"research":1,"hebrew_text_id":null,"greek_text_id":null,"translation_type_id":null,"rank":9999,"module_v2":null,"module_version":"5.6.20alpha","importer":null,"import_file":null,"delimiter":"|","fields":["book","chapter","verse","text","italics","strongs"]}