{"name":"\u05ea\u05e0 \u05da \u05e2\u05d1\u05e8\u05d9 \u05de\u05d5\u05d3\u05e8\u05e0\u05d9","shortname":"\u05ea\u05e0 \u05da \u05e2\u05d1\u05e8\u05d9 \u05de\u05d5\u05d3\u05e8\u05e0\u05d9","module":"he_modern","year":"","publisher":null,"owner":null,"description":"<h2>\u05ea\u05e0 \u05da \u05e2\u05d1\u05e8\u05d9 \u05de\u05d5\u05d3\u05e8\u05e0\u05d9<\/h2><h2>The Holy Bible in Modern Hebrew<\/h2><p><a href=\"http:\/\/en.wikipedia.org\/wiki\/Public_domain\">Public Domain<\/a><br>Language: <a href=\"http:\/\/www.ethnologue.org\/language\/heb\">\u05e2\u05d1\u05e8\u05d9\u05ea (Hebrew)<\/a><br>Translation by: Franz Delitzsch (1813\u20131890)<\/p>","lang":null,"lang_short":"he","copyright":0,"copyright_id":1,"copyright_statement":"","url":null,"citation_limit":0,"restrict":0,"italics":0,"strongs":0,"red_letter":0,"paragraph":0,"official":1,"research":0,"hebrew_text_id":null,"greek_text_id":null,"translation_type_id":null,"rank":1000,"module_v2":null,"module_version":"5.5.2","importer":null,"import_file":null,"delimiter":"|","fields":["book","chapter","verse","text","italics","strongs"]}