{"name":"\u4e2d\u6587\u82f1\u7687\u6b3d\u5b9a\u672c\u4e0a\u5e1d\u7248 Chinese KJV (Traditional) Shang-Di \u7e41\u9ad4\u4e2d\u6587","shortname":"CKJVSD\/T","module":"ckjv_sdt","year":"","publisher":null,"owner":null,"description":"\u4e2d\u6587\u82f1\u7687\u6b3d\u5b9a\u672c\u4e0a\u5e1d\u7248 Chinese King James Version Shang-Di \u7e41\u9ad4\u4e2d\u6587<br \/><br \/>This Bible imported from MySword <a href='https:\/\/mysword.info\/download-mysword\/bibles'>https:\/\/mysword.info\/download-mysword\/bibles<\/a>","lang":"","lang_short":"zh","copyright":0,"copyright_id":5,"copyright_statement":"","url":null,"citation_limit":0,"restict":0,"italics":0,"strongs":0,"red_letter":0,"paragraph":0,"official":1,"research":0,"hebrew_text_id":null,"greek_text_id":null,"translation_type_id":null,"rank":1000,"module_v2":null,"importer":null,"import_file":null,"delimiter":"|","fields":["book","chapter","verse","text","italics","strongs"]}