{"name":"Old Persian Translation","shortname":"OPT","module":"opt","year":"1895","publisher":null,"owner":null,"description":"\n<h2>Old Persian Translation<\/h2>\n<hr>\n<p>The New Testament is a revision of the second edition translated by Missionary Henry Martyn in 1837. Robert Bruce then revised Martyn's New Testament and translated the entire Old Testament. The translation is generally a literal translation, and the New Testament is in the main based on the Received Text, however some places are affected by the Eclectic Greek Texts. We have corrected the verse numbering problems in this edition, so that it follows the standard verse numbering. This Bibe text is still under review and correction.<\/p><br \/><br \/>This Bible imported from Bible Analyzer <a href='http:\/\/www.bibleanalyzer.com\/download.htm'>http:\/\/www.bibleanalyzer.com\/download.htm<\/a>","lang":"","lang_short":"fa","copyright":0,"copyright_id":1,"copyright_statement":"","url":null,"citation_limit":0,"restrict":0,"italics":0,"strongs":0,"red_letter":0,"paragraph":0,"official":1,"research":0,"hebrew_text_id":null,"greek_text_id":null,"translation_type_id":null,"rank":1000,"module_v2":null,"module_version":"5.6.20alpha","importer":null,"import_file":null,"delimiter":"|","fields":["book","chapter","verse","text","italics","strongs"]}