{"name":"\u0427\u0430\u0441\u0442\u0438 \u0411\u0438\u0431\u043b\u0438\u0438 \u0432 \u0442\u0430\u0434\u0436\u0438\u043a\u0441\u043a\u043e\u043c \u044f\u0437\u044b\u043a\u0435 \u0422\u0430\u0434\u0436\u0438\u043a\u0438\u0441\u0442\u0430\u043d","shortname":"\u0427\u0430\u0441\u0442\u0438 \u0411\u0438\u0431\u043b\u0438\u0438 \u0432 \u0442\u0430\u0434\u0436\u0438\u043a\u0441\u043a\u043e\u043c","module":"tg_tgk","year":"2010, 2014","publisher":"\u0424\u043e\u043d\u0434\u0438 \u00ab\u041a\u0430\u043b\u043e\u043c\u00bb","owner":"\u0424\u043e\u043d\u0434\u0438 \u00ab\u041a\u0430\u043b\u043e\u043c\u00bb","description":"<h2>\u0425\u0443\u0448\u0445\u0430\u0431\u0430\u0440<\/h2><h2>Portions of the Holy Bible in the Tajik language of Tajikistan<\/h2><h2>\u0427\u0430\u0441\u0442\u0438 \u0411\u0438\u0431\u043b\u0438\u0438 \u0432 \u0442\u0430\u0434\u0436\u0438\u043a\u0441\u043a\u043e\u043c \u044f\u0437\u044b\u043a\u0435 \u0422\u0430\u0434\u0436\u0438\u043a\u0438\u0441\u0442\u0430\u043d<\/h2><p>Copyright \u00a9 2010, 2014 \u0424\u043e\u043d\u0434\u0438 \u00ab\u041a\u0430\u043b\u043e\u043c\u00bb<br>Language: <a href=\"http:\/\/www.ethnologue.org\/language\/tgk\">\u0442\u043e\u04b7\u0438\u043a\u04e3 (Tajik)<\/a><br>&nbsp;<\/p><p>This translation is made available to you under the terms of the <a href=\"http:\/\/creativecommons.org\/licenses\/by-nc-nd\/4.0\/\">Creative Commons Attribution-Noncommercial-No Derivatives license 4.0.<\/a><\/p><p>You may share and redistribute this Bible translation or extracts from it in any format, provided that:<\/p><ul><li>You include the above copyright and source information.<\/li><li>You do not sell this work for a profit.<\/li><li>You do not change any of the words or punctuation of the Scriptures.<\/li><\/ul><p>Pictures included with Scriptures and other documents on this site are licensed just for use with those Scriptures and documents. For other uses, please contact the respective copyright owners.<\/p>","lang":null,"lang_short":"tg","copyright":0,"copyright_id":11,"copyright_statement":"","url":null,"citation_limit":0,"restrict":0,"italics":0,"strongs":0,"red_letter":0,"paragraph":0,"official":1,"research":0,"hebrew_text_id":null,"greek_text_id":null,"translation_type_id":null,"rank":1000,"module_v2":null,"module_version":"5.5.2","importer":null,"import_file":null,"delimiter":"|","fields":["book","chapter","verse","text","italics","strongs"]}