{"name":"Fidela Biblia \u00een limba rom\u00e2n\u0103","shortname":"Fidela","module":"fidela","year":"2011-2016","publisher":null,"owner":null,"description":"<h2 ALIGN=CENTER><B>BIBLIA<\/B><\/h2>\n<h3 ALIGN=CENTER><B>FIDELA<\/B><\/h3>\n<P>\n<BR>\n<\/P>\n<h3 ALIGN=CENTER>traducere literal\u0103 nou\u0103<br\/>\ncompletat\u0103, revizuit\u0103 \u015fi actualizat\u0103<\/h3>\n<P>\n<BR>\n<\/P>\n<P ALIGN=CENTER>Cluj-Napoca<\/P>\n<P ALIGN=CENTER>2016<\/P>\n<P><BR>\n<\/P>\n<P><B>Biblia Traducerea Fidela \u00een limba rom\u00e2n\u0103<\/B><br\/>\n<B>edi\u0163ia a IV-a<\/B><\/P>\n<P><BR>\n<\/P>\n<P>Biblia Traducerea Fidela \u00een limba rom\u00e2n\u0103<br\/>\nCopyright\n&copy; 2016 Andrei Beniamin Lariu<br\/>\nStr. Nirajului nr. 6<br\/>\nCluj-Napoca, Rom\u00e2nia<\/P>\n<P>ISBN 978-1-56632-137-2<\/P>\n<P><BR>\n<\/P>\n\n<P>Drag\u0103 cititorule,<\/P>\n\n<P><SPAN LANG=\"ro-RO\">\u0162ii \u00een m\u00e2n\u0103 rezultatul a peste nou\u0103 ani de munc\u0103, const\u00e2nd \u00een zeci de mii de ore de studiu individual, traduceri, revizuiri, \u00eenso\u0163ite de agonie \u015fi mul\u0163umire. Noi credem c\u0103 \u0163i-am \u00eenm\u00e2nat \u00een modul cel mai curat cu putin\u0163\u0103 Cuv\u00e2ntul p\u0103strat al lui Dumnezeu. Fii binecuv\u00e2ntat \u00een studierea ad\u00e2ncilor bog\u0103\u0163ii ale Domnului Isus Cristos.\n<\/SPAN><\/P>\n<P><SPAN LANG=\"ro-RO\">Una dintre cele mai vechi traduceri ale Bibliei existente \u00een limba rom\u00e2n\u0103 este Traducerea Rom\u00e2n\u0103 Ortodox\u0103 din 1688. Este dificil de \u00een\u0163eles exprimarea ei, fiind scris\u0103 \u00een ceea ce acum numim un stil rom\u00e2nesc arhaic. \u00cen anii care au urmat, diferite religii \u015fi-au tradus propriul text \u015fi versiuni ale Scripturii, precum Biblia Catolic\u0103 de la Blaj, scris\u0103 \u00een 1795, apoi o alt\u0103 traducere de la Ia\u015fi 1874, f\u0103cut\u0103 sub blazonul Societ\u0103\u0163ii Biblice pentru Anglia \u015fi \u00eentreaga lume. La \u00eenceputul anilor \u201820 Dumitru Cornilescu a tradus o Biblie ridicat\u0103 la rangul \u201cBibliei pe \u00een\u0163elesul tuturor\u201d. A fost un maestru al limbii rom\u00e2ne contemporane acelei perioade \u015fi literar a pus \u00een m\u00e2na poporului o capodoper\u0103 cunoscut\u0103 dup\u0103 numele s\u0103u \u201cTraducerea Cornilescu\u201d. A ajuns s\u0103 fie folosit\u0103 la scar\u0103 larg\u0103 \u015fi a fost acceptat\u0103 de bisericile baptiste \u015fi penticostale deopotriv\u0103 reprezent\u00e2nd standardul lor p\u00e2n\u0103 azi. Domnul Cornilescu de asemenea a f\u0103cut o a doua traducere a Noului Testament publicat\u0103 la \u00eenceputul anilor \u201830; a doua lui traducere a fost o \u00eencercare de traducere literal\u0103 a unui text grecesc dar a fost \u00een aparen\u0163\u0103 primit mult mai slab, ast\u0103zi aceast\u0103 traducere fiind foarte pu\u0163in r\u0103sp\u00e2ndit\u0103.<\/SPAN><\/P>\n<P><SPAN LANG=\"ro-RO\">\u00centre bisericile din lumea de ast\u0103zi se face mult\u0103 discu\u0163ie pe seama unui text care s\u0103 con\u0163in\u0103 Toate Cuvintele lui Dumnezeu \u015fi unde este acesta de g\u0103sit. De fapt aceast\u0103 discu\u0163ie divide pe mul\u0163i chiar dintre cei care cad de acord asupra crezurilor de baz\u0103 cum ar fi: credin\u0163a, salvarea, Dumnezeu, Isus Cristos \u015fi Duhul Sf\u00e2nt. \u0162elul nostru a fost unul foarte simplu, am dorit s\u0103 punem \u00een circula\u0163ie o Biblie care s\u0103 con\u0163in\u0103 fiecare cuv\u00e2nt al lui Dumnezeu. De-a lungul ultimilor 80 de ani, Bibliile scoase \u00een circula\u0163ie \u00een Rom\u00e2nia au fost traduceri dup\u0103 textul numit de cunosc\u0103tori Textul Critic. Crezul nostru este c\u0103 Biblia sau Cuvintele lui Dumnezeu nu au fost p\u0103strate \u00een Textul Critic ci mai degrab\u0103 \u00een manuscrisul Textul Masoretic \u015fi \u00een Textus Receptus; \u015fi orice traducere demn\u0103 de crezare trebuie s\u0103 \u00ee\u015fi g\u0103seasc\u0103 sursa \u00een acestea. Cele mai recunoscute traduceri \u00een limba rom\u00e2n\u0103, cu toat\u0103 valoarea lor literar\u0103 recunoscut\u0103, din nefericire, \u00een cea mai mare parte sunt traduceri ale Textului Critic. \u00cen anul 2001 Dumnezeu a \u00eenceput s\u0103 pun\u0103 \u00eempreun\u0103 o echip\u0103 de cre\u015ftini cu aceea\u015fi credin\u0163\u0103 \u015fi astfel proiectul Fidela a luat fiin\u0163\u0103.\n<\/SPAN><\/P>\n<P><SPAN LANG=\"ro-RO\">Am dorit s\u0103 producem o traducere nou\u0103 care s\u0103 aib\u0103 ca origine familia greceasc\u0103 a Textului Receptus pentru Noul Testament \u015fi astfel am \u00eenceput s\u0103 experiment\u0103m diferite metode care s\u0103 aib\u0103 ca rezultat lucrarea scontat\u0103. Din anul 2001 p\u00e2n\u0103 \u00een anul 2005 am lucrat la Noul Testament \u015fi Cartea Proverbe, tip\u0103rind prima edi\u0163ie. Dup\u0103 cuno\u015ftin\u0163ele noastre a fost singura traducere a Noului Testament, chiar dac\u0103 foarte pu\u0163in r\u0103sp\u00e2ndit\u0103, av\u00e2nd ca origine, textul grecesc, Textus Receptus. \u00cen anii care au urmat, \u00een paralel cu dou\u0103 revizuiri lingvistice, am continuat s\u0103 ad\u0103ug\u0103m c\u0103r\u0163i ale Vechiului Testament, \u015fi \u00een final am terminat lucrarea, \u00eentreaga Scriptur\u0103, la 05 Aprilie 2010. C\u00e2teva lucruri trebuie men\u0163ionate despre aceast\u0103 traducere. \u00cenainte de toate noi credem \u00een echivalen\u0163a formal\u0103. Acesta este crezul dup\u0103 care cuvintele lui Dumnezeu sunt literale \u015fi trebuie traduse literal. Am \u00eencercat s\u0103 ocolim practica echivalen\u0163ei dinamice, care este de prea multe ori, ceea ce traduc\u0103torul dore\u015fte s\u0103 spun\u0103. Pentru c\u0103 aceast\u0103 traducere este una literal\u0103, vei observa unele exprim\u0103ri sau fraze mai neobi\u015fnuite. Un lucru trebuie p\u0103strat \u00een minte si anume, Cuvintele lui Dumnezeu nu pot fi eliminate sau ad\u0103ugate doar pentru a le face mai u\u015for de \u00een\u0163eles. Se pare c\u0103 majoritatea oamenilor \u00ee\u015fi doresc o Biblie \u201cu\u015for de citit\u201d \u00een timp ce mai pu\u0163ini \u00ee\u015fi doresc una care s\u0103 con\u0163in\u0103 toate cuvintele lui Dumnezeu.<\/SPAN><\/P>\n<P><SPAN LANG=\"ro-RO\">Vrem s\u0103 facem cunoscut c\u0103 am comparat textul FIDELA cu alte traduceri. Am \u00eencercat s\u0103 g\u0103sim c\u00e2t mai mult traduceri rom\u00e2ne\u015fti \u00een circula\u0163ie \u015fi s\u0103 le folosim compar\u00e2nd termeni \u015fi expresii pentru alegerea celor mai justificate sensuri. Au fost folosite de asemenea \u015fi texte \u00een alte limbi \u00een paralel cu textele rom\u00e2ne\u015fti c\u00e2nd anumite pasaje au avut nevoie de mai multe clarific\u0103ri. \u00cen total au fost folosite 9 texte de limb\u0103 rom\u00e2n\u0103 \u015fi 10 \u00een limbi str\u0103ine. Datorit\u0103 faptului c\u0103 exist\u0103 a\u015fa de multe traduceri ast\u0103zi care provin din surse diverse, am avut nevoie de o traducere modern\u0103 bazat\u0103 numai pe textul ebraic Masoretic \u015fi textul grecesc Textus Receptus pentru a verifica acurate\u0163ea traducerii noastre. De aceea am folosit Biblia \u00een limba englez\u0103, King James ca ghidul \u0219i lexiconul nostru. Ad\u0103ugate acestor traduceri sunt nenum\u0103rate ore de cercetare, citire, discu\u0163ii privind comentarii teologice, lexicoane, mesaje \u015fi teorii doctrinare. Am ascultat \u015fi criticii acestui text \u015fi am ajustat ceea ce a fost criticat justificat \u015fi sus\u0163inut cu argumente lingvistice serioase sau de traducere. Nu am considerat nimic prea neimportant pentru a nu lua \u00een seam\u0103 \u015fi mul\u0163umim tuturor celor care ne-au trimis sugestiile lor la munca ce am f\u0103cut-o.<\/SPAN><\/P>\n<P><SPAN LANG=\"ro-RO\">\u00cen ce prive\u015fte metoda edit\u0103rii textului, sunt dou\u0103 mari modalit\u0103\u0163i de prezentare a textului. Metoda paragrafului \u00een care textul este \u00eemp\u0103r\u0163it \u00een paragrafe \u015fi citit ca un roman; urm\u00e2nd aceast\u0103 metod\u0103, punctua\u0163ia propozi\u0163iei este normal\u0103 iar versetele sunt fie ad\u0103ugate ca \u015fi indicii fie la \u00eenceputul r\u00e2ndului. Urm\u00e2nd aceast\u0103 metod\u0103 citirea ar putea fi mai u\u015foar\u0103 dar versetele sunt deosebit de greu de identificat. Cealalt\u0103 metod\u0103 de baz\u0103 acceptat\u0103 este separarea versetelor \u00een text, fiecare verset \u00eencepe cu liter\u0103 mare, chiar dac\u0103 nu \u00eencepe o propozi\u0163ie nou\u0103, de asemenea este un semn de punctua\u0163ie ce marcheaz\u0103 sf\u00e2r\u015fitul fiec\u0103rui verset. Nu sunt ghilimele \u00een text dar dialogul este marcat clar prin majuscul\u0103 precedat\u0103 de dou\u0103 puncte. Am\u00e2ndou\u0103 metodele sunt acceptate \u015fi am\u00e2ndou\u0103 sunt folosite \u00een tip\u0103rirea Scripturii peste tot \u00een lume. Am ales metoda separ\u0103rii versetelor, ceea ce \u00eenseamn\u0103 c\u0103 traducerea prezint\u0103 diferen\u0163e de punctua\u0163ie fa\u0163\u0103 de punctua\u0163ia propozi\u0163iei, folosit\u0103 \u00een mod normal \u00een limba rom\u00e2n\u0103, fiecare situa\u0163ie este u\u015for de \u00een\u0163eles din contextul ei.<\/SPAN><\/P>\n<P><SPAN LANG=\"ro-RO\">Au fost cazuri c\u00e2nd am combinat mai multe cuvinte din greac\u0103 \u00eentr-un singur cuv\u00e2nt \u00een rom\u00e2ne\u015fte. Sau poate a fost necesar s\u0103 explic\u0103m un cuv\u00e2nt grecesc prin mai multe cuvinte \u00een rom\u00e2ne\u015fte. Nu am ad\u0103ugat sau scos din text f\u0103c\u00e2nd aceasta, ci doar am tradus diferen\u0163ele dintre gramaticile greac\u0103\/ebraic\u0103 \u015fi cea rom\u00e2neasc\u0103. Un exemplu \u00een care am folosit mai multe cuvinte \u00een rom\u00e2ne\u015fte pentru unul singur \u00een greac\u0103 \u00eel constituie traducerea cuv\u00e2ntului grecesc \u201edikaioo\u201d. \u00cen\u0163elesul teologic al acestui cuv\u00e2nt este, a fi declarat drept, astfel c\u0103 am folosit mai multe cuvinte pentru traducerea unuia singur.<\/SPAN><\/P>\n<P><SPAN LANG=\"ro-RO\">Numele au fost preluate din celelalte traduceri rom\u00e2ne\u015fti, cu c\u00e2teva excep\u0163ii, cel pu\u0163in una este mai semnificativ\u0103. Am schimbat numele a dou\u0103 c\u0103r\u0163i din Noul Testament. Una este Titus, pentru a urma reproducerea fidel\u0103 a numelui din limba greac\u0103; cealalt\u0103 este cartea Revela\u0163ia. Majoritatea celorlalte traduceri \u00een rom\u00e2ne\u015fte ale Scripturii traduc ultima carte cu numele de \u201cApocalipsa\u201d. Nu am putut folosi cuv\u00e2ntul \u201eApocalipsa,\u201d av\u00e2nd \u00een vedere sensul \u015fi direc\u0163ia limbii moderne pe care o imprim\u0103 noul Dic\u0163ionar Explicativ al limbii, care afirm\u0103 sensul de alegorie al cuv\u00e2ntului. Cuv\u00e2ntul grecesc din text, \"Apocalipsa\", \u00eenseamn\u0103 revelare, revela\u0163ie, iar cartea \u00eencepe \u00een acela\u015fi fel, Revela\u0163ia lui Isus Cristos. Astfel am pus c\u0103r\u0163ii numele: Revela\u0163ia. Un alt nume care este diferit fa\u0163\u0103 de celelalte traduceri rom\u00e2ne\u015fti este Ioan Botez\u0103torul care este tradus ca Ioan Baptist. Mai multe dintre traducerile notabile observ\u0103 \u015fi p\u0103streaz\u0103 conota\u0163ia de titlu a numelui lui Ioan \u015fi nu de descriere sau explicare inteligibil\u0103 \u00een limba traducerii a ceea ce el f\u0103cea, faptul c\u0103 boteza. Faptul c\u0103 titlul lui se confund\u0103 cu numele unei confesiuni religioase nu justific\u0103 schimbarea unui cuv\u00e2nt scriptural.<\/SPAN><\/P>\n<P><SPAN LANG=\"ro-RO\">De asemenea vrem s\u0103 scoatem \u00een eviden\u0163\u0103 practica multor traduceri de a \u00eencepe pronumele divine cu majuscul\u0103. \u00cen general nu ne opunem acestei practici. \u00cen fapt, \u00een prima edi\u0163ie a traducerii am folosit majuscule pentru ceea ce noi am considerat a fi pronume divine, p\u00e2n\u0103 c\u00e2nd am \u00eenceput s\u0103 observ\u0103m c\u0103 deseori acest lucru era o alegere editorial\u0103. Nu toate situa\u0163iile sunt lipsite de echivoc. Nu am dorit s\u0103 avem \u00een text amprente editoriale \u015fi nici s\u0103 conducem cititorul la a trage concluzii posibil incorecte. Astfel, nu am folosit majuscule pentru pronumele divine cu excep\u0163ia c\u00e2torva \u00een Vechiul Testament. L\u0103s\u0103m alegerea \u015fi interpretarea la \u00eendem\u00e2na dumneavoastr\u0103, c\u0103l\u0103uzit fiind de Duhul Sf\u00e2nt. Nu lipsa de respect intr\u0103 aici \u00een discu\u0163ie ci onestitatea fa\u0163\u0103 de text \u015fi cititor.<\/SPAN><\/P>\n<P><SPAN LANG=\"ro-RO\">Acest text se poate tip\u0103ri dup\u0103 dorin\u0163a inimii. Se poate vinde sau r\u0103sp\u00e2ndi gratuit, este alegerea oricui dore\u015fte s\u0103 fac\u0103 aceasta. Dar nu se poate schimba textul prin scoatere sau ad\u0103ugare de cuvinte din el, nici prin schimbarea numelui. De\u0163inem dreptul de traducere asupra lui doar pentru protejarea tuturor celor care doresc folosirea lui \u00een forma actual\u0103. Se poate cita, copia, folosi dup\u0103 buna voie. Nu trebuie cerut\u0103 permisiunea noastr\u0103 pentru acest lucru. Dar cerem s\u0103 fie folosit\u0103 titulatura FIDELA, \u00een toate situa\u0163iile \u00een care se cere identificarea textului. Aceasta este de asemenea o practic\u0103 atribuit\u0103 fiec\u0103rei traduceri cu sau f\u0103r\u0103 drept de autor. Numele acestei traduceri este FIDELA, pentru faptul c\u0103 am dorit s\u0103 d\u0103m o traducere curat\u0103 a cuvintelor p\u0103strate \u015fi inspirate ale lui Dumnezeu. Fie ca folosirea acestei Biblii s\u0103 \u00ee\u0163i dea s\u0103n\u0103tate spiritual\u0103 \u015fi cre\u015ftere \u00een har; \u015fi numele Domnului s\u0103 fie \u00een\u0103l\u0163at peste cel al p\u0103g\u00e2nilor. Binecuv\u00e2ntat fie numele Domnului!<\/SPAN><\/P>\n<P><BR>\n<\/P>\n<P>Cluj-Napoca, Rom\u00e2nia<\/P>\n<P>2016<\/P>\n<P><BR>\n<\/P>\n<br \/><br \/>This Bible imported from MySword <a href='https:\/\/mysword.info\/download-mysword\/bibles'>https:\/\/mysword.info\/download-mysword\/bibles<\/a>","lang":"","lang_short":"ro","copyright":0,"copyright_id":13,"copyright_statement":"<p>Acest text se poate tip\u0103ri dup\u0103 dorin\u0163a inimii. Se poate vinde sau r\u0103sp&acirc;ndi gratuit, este alegerea oricui dore\u015fte s\u0103 fac\u0103 aceasta. Dar nu se poate schimba textul prin scoatere sau ad\u0103ugare de cuvinte din el, nici prin schimbarea numelui. De\u0163inem dreptul de traducere asupra lui doar pentru protejarea tuturor celor care doresc folosirea lui &icirc;n forma actual\u0103. Se poate cita, copia, folosi dup\u0103 buna voie. Nu trebuie cerut\u0103 permisiunea noastr\u0103 pentru acest lucru. Dar cerem s\u0103 fie folosit\u0103 titulatura FIDELA, &icirc;n toate situa\u0163iile &icirc;n care se cere identificarea textului. Aceasta este de asemenea o practic\u0103 atribuit\u0103 fiec\u0103rei traduceri cu sau f\u0103r\u0103 drept de autor.&nbsp;<\/p>","url":null,"citation_limit":0,"restict":0,"italics":0,"strongs":0,"red_letter":0,"paragraph":0,"official":1,"research":0,"hebrew_text_id":null,"greek_text_id":null,"translation_type_id":null,"rank":1000,"module_v2":null,"importer":null,"import_file":null,"delimiter":"|","fields":["book","chapter","verse","text","italics","strongs"]}