{"name":"Reina Valera 1909","shortname":"RV 1909","module":"rv_1909","year":"1909","publisher":null,"owner":null,"description":"<b>Spanish: Reina Valera (1909)<\/b><p \/><br \/><br \/>This Bible imported from The Unbound Bible <a href='http:\/\/unbound.biola.edu\/'>http:\/\/unbound.biola.edu\/<\/a>","lang":"Spanish","lang_short":"es","copyright":0,"copyright_id":1,"copyright_statement":"","citation_limit":0,"restict":0,"italics":0,"strongs":0,"red_letter":0,"paragraph":0,"official":1,"research":0,"hebrew_text_id":null,"greek_text_id":null,"translation_type_id":null,"rank":110,"module_v2":"1909rv","importer":null,"import_file":null,"delimiter":"|","fields":["book","chapter","verse","text","italics","strongs"]}