{"name":"\u0f51\u0f58\u0f0b\u0f54\u0f60\u0f72\u0f0b\u0f42\u0f66\u0f74\u0f44\u0f0b\u0f62\u0f56\u0f0b\u0f56\u0f7c\u0f51\u0f0b\u0f60\u0f42\u0fb1\u0f74\u0f62\u0f0b\u0f42\u0f66\u0f62\u0f0b\u0f58\u0f0d","shortname":"\u0f56\u0f7c\u0f51\u0f0b\u0f61\u0f72\u0f42\u0f0b\u0f42\u0f66\u0f62\u0f0b\u0f54\u0f0d","module":"bo_ntb","year":"2016 - 2023","publisher":"New Tibetan Bible Translation Committee","owner":"New Tibetan Bible Translation Committee","description":"<h2>\u0f51\u0f58\u0f0b\u0f54\u0f60\u0f72\u0f0b\u0f42\u0f66\u0f74\u0f44\u0f0b\u0f62\u0f56\u0f0b\u0f56\u0f7c\u0f51\u0f0b\u0f60\u0f42\u0fb1\u0f74\u0f62\u0f0b\u0f42\u0f66\u0f62\u0f0b\u0f58\u0f0d<\/h2><h2>The Holy Bible in Modern Literary Tibetan, New Tibetan Bible translation: \u0f51\u0f58\u0f0b\u0f54\u0f60\u0f72\u0f0b\u0f42\u0f66\u0f74\u0f44\u0f0b\u0f62\u0f56\u0f0b\u0f56\u0f7c\u0f51\u0f0b\u0f60\u0f42\u0fb1\u0f74\u0f62\u0f0b\u0f42\u0f66\u0f62\u0f0b\u0f58\u0f0d<\/h2><p>copyright \u00a9 2016-2023 <a href=\"https:\/\/new-tibetan-bible.com\/\">New Tibetan Bible Translation Committee<\/a><br>Language: <a href=\"http:\/\/www.ethnologue.org\/language\/bod\">\u0f56\u0f7c\u0f51\u0f0b\u0f61\u0f72\u0f42 (Tibetan)<\/a><br>Dialect: Modern Literary<br><br>\"New Tibetan Bible\" is a trademark of the New Tibetan Bible Translation Committee. If you produce a new translation using the New Tibetan Bible as a source text, you must not call your new translation the New Tibetan Bible or NTB.<\/p><p>This translation is made available to you under the terms of the <a href=\"http:\/\/creativecommons.org\/licenses\/by-nc-nd\/4.0\/\">Creative Commons Attribution-Noncommercial-No Derivatives license 4.0.<\/a><\/p><p>You may share and redistribute this Bible translation or extracts from it in any format, provided that:<\/p><ul><li>You include the above copyright and source information.<\/li><li>You do not sell this work for a profit.<\/li><li>You do not change any of the words or punctuation of the Scriptures.<\/li><\/ul><p>Pictures included with Scriptures and other documents on this site are licensed just for use with those Scriptures and documents. For other uses, please contact the respective copyright owners.<\/p>","lang":null,"lang_short":"bo","copyright":0,"copyright_id":11,"copyright_statement":"","url":null,"citation_limit":0,"restrict":0,"italics":0,"strongs":0,"red_letter":0,"paragraph":0,"official":1,"research":1,"hebrew_text_id":null,"greek_text_id":null,"translation_type_id":null,"rank":1000,"module_v2":null,"module_version":"5.6.20alpha","importer":null,"import_file":null,"delimiter":"|","fields":["book","chapter","verse","text","italics","strongs"]}