{"name":"American Standard Version w Strong's","shortname":"ASVs","module":"asvs","year":"","publisher":null,"owner":null,"description":"\n<h2 align=\"center\"><b>The English Revised Version, 1881<\/b><\/h2>\n<p align=\"center\"><b>Including the American Standard Version, 1901<\/b><\/p>\n<p>(Applying Strong's numbering to the public domain ASV text was done as part of the \"Cross Word Project\" and is copyright Wade Maxfield. The modified text has been released by him for any purpose.)<\/p><p>(The addition of omitted numbers in a several verses and some corrections were made to the numbers by Tim Morton of BibleAnalyzer.com)<\/p>\n\n<hr>\nThe article TEXT OF THE NEW TESTAMENT describes the process of accumulation of materials which began with the coming of the Codex Alexandrinus to London in 1625, and continues to the present day, and the critical use made of these materials in the 19th century; and the story need not be repeated here. It was not until the progress of criticism had revealed the defective state of the received Greek text of the New Testament that any movement arose for the revision of the Authorized Version. About the year 1855 the question began to be mooted in magazine articles and motions in Convocation, and by way of bringing it to a head a small group of scholars (Dr. Ellicott, afterwards bishop of Gloucester, Dr. Moberly, head master of Winchester and afterwards bishop of Salisbury, Dr. Barron, principal of St. Edmund's Hall, Oxford, the Rev. H. Alford, afterwards dean of Canterbury, and the Rev. W.G. Humphrey; with the Rev. E. Hawkins, secretary of the S.P.G., and afterwards canon of Westminster, as their secretary) undertook a revision of the Authorized Version of John, which was published in 1857. Six of the Epistles followed in 1861 and 1863, by which time the object of the work, in calling attention to the need and the possibility of a revision, had been accomplished. Meanwhile a great stimulus to the interest in textual criticism had been given by the discovery of the Codex Sinaiticus, and by the work of Tischendorf and Tregelles. In February 1870 a motion for a committee to consider the desirableness of a revision was adopted by both houses of the Convocation of Canterbury; and definite motions in favor of such a revision were passed in the following May. The Convocation of York did not concur, and thenceforth the Southern Houses proceeded alone. A committee of both houses drew up the lists of revisers, and framed the rules for their guidance. The Old Testament company consisted of 25 (afterwards 27) members, the New Testament of 26. The rules prescribed the introduction of as few alterations in the Authorized Version as possible consistently with faithfulness; the text to be adopted for which the evidence is decidedly preponderating, and when it differs from that from which the Authorized Version was made, the alteration to be indicated in the margin (this rule was found impracticable); alterations to be made on the first revision by simple majorities, but to be retained only if passed by a two-thirds majority on the second revision. Both companies commenced work at Westminster on June 22, 1870. The New Testament company met on 407 days in the course of eleven years, the Old Testament company on 792 days in fifteen years. Early in the work the cooperation of American scholars was invited, and in consequence two companies of 15 and 16 members respectively were formed, which began work in 1872, considering the results of the English revision as each section of it was forwarded to them. The collaboration of the English and American companies was perfectly harmonious; and by agreement those recommendations of the American Revisers which were not adopted by the English companies, but to which the proposers nevertheless wished to adhere, were printed in an appendix to the published Bible. Publication took place, in the case of the New Testament, on May 17, 1881, and in the case of the canonical books of the Old Testament almost exactly four years later. The revision of the Apocrypha was divided between the two English companies, and was taken up by each company on the completion of its main work. The New Testament company distributed Sirach, Tobit, Judith, Wisdom, 1 and 2 Maccabees among three groups of its members, and the Old Testament company appointed a small committee to deal with the remaining books. The work dragged on over many years, involving some inequalities in revision, and ultimately the Apocrypha was published in 1895.<br><br> \nIn dealing with the Old Testament the Revisers were not greatly concerned with questions of text. The Massoretic Hebrew text available in 1870 was substantially the same as that which King James' translators had before them; and the criticism of the Septuagint version was not sufficiently advanced to enable them safely to make much use of it except in marginal notes. Their work consisted mainly in the correction of mistranslations which imperfect Hebrew scholarship had left in the Authorized Version. Their changes as a rule are slight, but tend very markedly to remove obscurities and to improve the intelligibility of the translation. The gain is greatest in the poetical and prophetical books (poetical passages are throughout printed as such, which in itself is a great improvement), and there cannot be much doubt that if the revision of the Old Testament had stood by itself it would have been generally accepted without much opposition. With the new version of the New Testament the case was different. The changes were necessarily more numerous than in the Old Testament, and the greater familiarity with the New Testament possessed by readers in general made the alterations more conspicuous. The New Testament revisers had, in effect, to form a new Greek text before they could proceed to translate it. In this part of their work they were largely influenced by the presence of Drs. Westcott and Hort, who, as will be shown elsewhere [TEXT OF THE NEW TESTAMENT], were keen and convinced champions of the class of text of which the best representative is the Codex Vaticanus. At the same time Dr. Scrivener, who took a less advanced view of the necessity of changes in the Received Text, was also a prominent member of the company, and it is probably true that not many new readings were adopted which had not the support of Tischendorf and Tregelles, and which would not be regarded by nearly all scholars acquainted with textual criticism as preferable to those of the Authorized Version. To Westcott and Hort may be assigned a large part of the credit for leading the Revisers definitely along the path of critical science; but the Revisers did not follow their leaders the whole way, and their text (edited by Archdeacon Palmer for the Oxford Press in 1881) represents a more conservative attitude than that of the two Cambridge scholars. Nevertheless the amount of textual change was considerable, and to this was added a very large amount of verbal change, sometimes (especially in the Epistles) to secure greater intelligibility, but oftener (and this is more noticeable in the Gospels) to secure uniformity in the translation of Greek words which the Authorized Version deliberately rendered differently in different places (even in parallel narratives of the same event), and precision in the representation of moods and tenses. It was to the great number of changes of this kind, which by themselves appeared needless and pedantic, that most of the criticism bestowed upon the Revised Version was due; but it must be remembered that where the words and phrases of a book are often strained to the uttermost in popular application, it is of great importance that those words and phrases should be as accurately rendered as possible. On the whole, it is certain that the Revised Version marks a great advance on the Authorized Version in respect of accuracy, and the main criticisms to which it is justly open are that the principles of classical Greek were applied too rigidly to Greek which is not classical, and that the Revisers, in their careful attention to the Greek, were less happily inspired than their predecessors with the genius of the English language. These defects have no doubt militated against the general acceptance of the Revised Version; but whether they continue to do so or not (and it is to be remembered that we have not yet passed through nearly so long a period as that during which the Authorized Version competed with the Geneva Bible or Jerome's Vulgate with the Old Latin), it is certain that no student of the Bible can afford to neglect the assistance given by the Revised Version towards the true understanding of the Scriptures. In so using it, it should be remembered that renderings which appear in the margin not infrequently represent the views of more than half the Revisers, though they failed to obtain the necessary two-thirds majority. This is perhaps especially the case in the Old Testament, where the Revised Version shows a greater adherence to the Authorized Version than in the New Testament.<br><br> \nIt only remains to add that, after the lapse of the 14 years during which it was agreed that no separate American edition should be brought out, while the American appendix continued to appear in the English Revised Version, the American Revisers issued a fresh recension (New Testament in 1900, Old Testament in 1901, without the Apocrypha), embodying not only the readings which appeared in their appendix to the English Revised Version, but also others on which they had since agreed. It is unfortunate that the action originally taken by the English revisers with a view to securing that the two English-speaking nations should continue to have a common Bible should have brought about the opposite result; and though the alterations introduced by the American revisers eminently deserve consideration on their merits, it may be doubted whether the net result is important enough to justify the existence of a separate version. What influence it may have upon the history of the English Bible in the future it is for the future to decide.<br><br> \nFrederic G. Kenyon<br><br> \n<br \/><br \/>This Bible imported from Bible Analyzer <a href='http:\/\/www.bibleanalyzer.com\/download.htm'>http:\/\/www.bibleanalyzer.com\/download.htm<\/a>","lang":"","lang_short":"en","copyright":0,"copyright_id":1,"copyright_statement":"","url":null,"citation_limit":0,"restrict":0,"italics":0,"strongs":0,"red_letter":0,"paragraph":0,"official":1,"research":1,"hebrew_text_id":null,"greek_text_id":null,"translation_type_id":null,"rank":1000,"module_v2":null,"module_version":"4.5.0","importer":null,"import_file":null,"delimiter":"|","fields":["book","chapter","verse","text","italics","strongs"]}