{"name":"WLC","shortname":"rm","module":"wlc","year":"","publisher":null,"owner":null,"description":"<html><head><meta http-equiv=\"Content-Type\" content=\"text\/html; charset=UTF-8\"><\/head><body><b>Hebrew OT: WLC (Consonants & Vowels)<\/b><p \/>This text began as an electronic transcription by Whitaker and Parunak of the 1983 printed edition of Biblia Hebraica Stuttgartensia (BHS). The transcription is called the Michigan-Claremont electronic text and was archived at the Oxford Text Archive (OTA) in 1987. Since that time, the text has been modified to conform to the photo-facsimile of the Leningrad Codex, Firkovich B19A, residing at the Russian National Library, St. Petersberg; hence the change of name. This version contains all 6 of the textual elements of the OTA document: consonants, vowels, cantillation marks, \"paragraph\" (pe, samekh) markers, and ketib-qere variants. Morphological divisions may be added later.\n<p \/>\nThe BHS so-called \"paragraph\" markers (pe and samekh) do not actually occur in the Leningrad Codex. The editors of BHS use them to indicate open space deliberately left blank by the scribe. Pe (\"open\" paragraph) represents a space between verses, where the new verse begins on a new column line. This represents a major section of the text. Samekh (\"closed\" paragraph) represents a space of less than a line between verses. This is understood to be a subdivision of the corresponding \"open\" section. Since these markers represent an actual physical feature of the text, they have been retained. \n<p \/>\nThe transcription was based on the \"Supplement to the code manual for the Michigan Old Testament\" by Alan Groves. \n<p \/>\nThe WLC is maintained by the Westminster Hebrew Institute, Philadelphia, PA (<a href='http:\/\/whi.wts.edu\/WHI' target='_blank'>http:\/\/whi.wts.edu\/WHI<\/a>) \n<p \/>\nSword module maintained by Martin Gruner (mg dot pub at gmx dot net).<\/body><\/html>\r\n<br \/><br \/>This Bible imported from The Unbound Bible <a href='http:\/\/unbound.biola.edu\/'>http:\/\/unbound.biola.edu\/<\/a>","lang":"Hebrew","lang_short":"he","copyright":0,"copyright_id":1,"copyright_statement":"","citation_limit":0,"restict":0,"italics":0,"strongs":0,"red_letter":0,"paragraph":0,"official":1,"research":1,"hebrew_text_id":null,"greek_text_id":null,"translation_type_id":null,"rank":300,"module_v2":"wlc","importer":null,"import_file":null,"delimiter":"|","fields":["book","chapter","verse","text","italics","strongs"]}