{"name":"Tagalog Ang Biblia","shortname":"TAB","module":"tagab","year":"1905","publisher":null,"owner":null,"description":"<strong>Tagalog Ang Biblia<\/strong><p> Philippine Bible Society (1905)<\/p><p> Translation of the Bible in Tagalog (national language of the Philippines)<\/p><p> This Bible is in Public Domain <\/p><p> Typed from the Ang Biblia Tagalog by Richard & Dolores Long<\/p><br \/><br \/>This Bible imported from MySword <a href='https:\/\/mysword.info\/download-mysword\/bibles'>https:\/\/mysword.info\/download-mysword\/bibles<\/a>","lang":"","lang_short":"tl","copyright":0,"copyright_id":1,"copyright_statement":"","url":null,"citation_limit":0,"restict":0,"italics":0,"strongs":0,"red_letter":0,"paragraph":0,"official":1,"research":1,"hebrew_text_id":null,"greek_text_id":null,"translation_type_id":null,"rank":1000,"module_v2":null,"importer":null,"import_file":null,"delimiter":"|","fields":["book","chapter","verse","text","italics","strongs"]}