{"name":"\u0645\u06c7\u0642\u06d0\u062f\u062f\u06d0\u0633\u202d \u202c\u0643\u0627\u0644\u0627\u0645 (\u202d\u202c\u064a\u06d5\u0646\u06af\u0649\u202d \u202c\u064a\u06d0\u0632\u0649\u0642\u202d \u202c )","shortname":"\u0645\u06c7\u0642\u06d5\u062f\u062f\u06d5\u0633 \u0643\u0649\u062a\u0627\u0628","module":"ug_ara","year":"2010","publisher":"Mukeddes Kalam - Uyghur Bible Translation Committee","owner":"Mukeddes Kalam - Uyghur Bible Translation Committee","description":"<p>&nbsp;<\/p><h2>\u0645\u06c7\u0642\u06d0\u062f\u062f\u06d0\u0633\u202d \u202c\u0643\u0627\u0644\u0627\u0645 (\u202d\u202c\u064a\u06d5\u0646\u06af\u0649\u202d \u202c\u064a\u06d0\u0632\u0649\u0642\u202d \u202c )<\/h2><h2>The Holy Bible in the Uyghur language, written in Arabic script<\/h2><p>Copyright \u00a9 2010 Mukeddes Kalam - Uyghur Bible Translation Committee<br>Language: <a href=\"http:\/\/www.ethnologue.org\/language\/uig\">Uyghur tili (Uyghur)<\/a><br>&nbsp;<\/p><p>This translation is made available to you under the terms of the <a href=\"http:\/\/creativecommons.org\/licenses\/by-sa\/4.0\/\">Creative Commons Attribution Share-Alike license 4.0.<\/a><\/p><p>You have permission to share and redistribute this Bible translation in any format and to make reasonable revisions and adaptations of this translation, provided that:<\/p><ul><li>You include the above copyright and source information.<\/li><li>If you make any changes to the text, you must indicate that you did so in a way that makes it clear that the original licensor is not necessarily endorsing your changes.<\/li><li>If you redistribute this text, you must distribute your contributions under the same license as the original.<\/li><\/ul><p>Pictures included with Scriptures and other documents on this site are licensed just for use with those Scriptures and documents. For other uses, please contact the respective copyright owners.<\/p><p>Note that in addition to the rules above, revising and adapting God's Word involves a great responsibility to be true to God's Word. See Revelation 22:18-19.<\/p>","lang":null,"lang_short":"ug","copyright":0,"copyright_id":7,"copyright_statement":"","url":null,"citation_limit":0,"restrict":0,"italics":0,"strongs":0,"red_letter":0,"paragraph":0,"official":1,"research":1,"hebrew_text_id":null,"greek_text_id":null,"translation_type_id":null,"rank":1000,"module_v2":null,"module_version":"5.6.0.pre2","importer":null,"import_file":null,"delimiter":"|","fields":["book","chapter","verse","text","italics","strongs"]}