{"name":"Kannada KJV","shortname":"Kannada KJV","module":"kn_kjv","year":"1969","publisher":null,"owner":null,"description":"<p>Translated by Kannada KJV Bible Society. Digitized and Created as Module by Yesudas Solomon, founder and president of Word of God Team and Word of God Ministries. Contact us at wordofgod@wordofgod.in, +91 7676505599, +91 9448016738, +91 9964422489. Visit our sites <a href=\"http:\/\/www.WordOfGod.in\">www.WordOfGod.in<\/a> for more free resources.<br><br>This Bible imported from MySword <a href=\"https:\/\/mysword.info\/download-mysword\/bibles\">https:\/\/mysword.info\/download-mysword\/bibles<\/a><\/p>","lang":null,"lang_short":"kn","copyright":0,"copyright_id":13,"copyright_statement":"<p>Translated by the Kannada KJV Bible Society.<\/p><p>Copyright information unknown.<\/p>","url":null,"citation_limit":0,"restrict":0,"italics":0,"strongs":0,"red_letter":0,"paragraph":0,"official":1,"research":0,"hebrew_text_id":null,"greek_text_id":null,"translation_type_id":null,"rank":1000,"module_v2":null,"module_version":"5.5.2","importer":null,"import_file":null,"delimiter":"|","fields":["book","chapter","verse","text","italics","strongs"]}