{"name":"Ostervald","shortname":"Ostervald","module":"oster","year":"1996","publisher":null,"owner":null,"description":"<p><strong>French: Ostervald (1996 revision)<\/strong><\/p>\n\n<p><strong>PR&Eacute;FACE DE L&#39;&Eacute;DITION DE 1996 DE LA TRADUCTION DE LA BIBLE REVUE PAR J. F. OSTERVALD<\/strong><br \/>\n<br \/>\nA travers des si&egrave;cles, depuis 1535 (date de la publication de la Bible d&#39;Oliv&eacute;tan), la francophonie poss&eacute;dait une Bible fid&egrave;le. Cette Bible traditionnelle est la repr&eacute;sentation juste de ce que nos fr&egrave;res ont utilis&eacute; &agrave; travers les &acirc;ges. Elle est issue du Texte Re&ccedil;u, qui est la pr&eacute;servation fid&egrave;le des textes originaux et conforme &agrave; l&#39;immense majorit&eacute; des manuscrits qui existent. Il faut rappeler qu&#39;&agrave; sa publication en 1535, la Bible 0liv&eacute;tan a &eacute;t&eacute; la Bible des Vaudois (chr&eacute;tiens &eacute;vang&eacute;liques des Alpes), ainsi que des r&eacute;formateurs Calvin, Farel et Th&eacute;odore de B&egrave;ze. Elle a eu pour fruit des conversions en grand nombre, ainsi qu&#39;un esprit de sacrifice et de r&eacute;veil. En 1560 elle est appel&eacute;e Bible de Gen&egrave;ve. Jusqu&#39;au d&eacute;but du 20&egrave;me si&egrave;cle, elle se perp&eacute;tue par les r&eacute;visions d&#39;Ostervald. Pendant tout ce temps rien n&#39;a &eacute;t&eacute; enlev&eacute; &agrave; la Bible. Il convient donc de pr&eacute;f&eacute;rer la Bible traditionnelle car elle est l&#39;h&eacute;riti&egrave;re des textes utilis&eacute;s par Dieu au fil des si&egrave;cles, ceux qui sont les v&eacute;hicules de sa b&eacute;n&eacute;diction dans les plus grands r&eacute;veils de la foi.<br \/>\n<br \/>\nCet ouvrage est une mise &agrave; jour de l&#39;&eacute;dition de 1886 d&#39;une r&eacute;vision de la Bible d&#39;Ostervald publi&eacute;e pour la premi&egrave;re fois en 1881, dont nous reproduisons ci-dessous la pr&eacute;face:<br \/>\n<br \/>\n<span style=\"color:#330066\"><strong>PR&Eacute;FACE DE LA PREMIERE &Eacute;DITION LA SOCI&Eacute;T&Eacute; BIBLIQUE DE FRANCE<\/strong><\/span><\/p>\n\n<p><span style=\"color:#330066\"><strong>&quot; Aux Pasteurs, Anciens et Membres des &Eacute;glises protestantes fran&ccedil;aises &quot;.<\/strong><br \/>\nParis, juillet 1881<br \/>\n<br \/>\nNous poss&eacute;dons, dans la traduction de la Bible, revue par J. F. Ostervald, une version dont les origines se confondent avec celles m&ecirc;mes de la R&eacute;formation, et l&#39;histoire avec celles de nos &eacute;glises fran&ccedil;aises. Sa langue a &eacute;t&eacute; jusqu&#39;&agrave; ce jour celle de tous nos sermonnaires, th&eacute;ologiens, controversistes et cat&eacute;chistes. Ses citations remplissent depuis trois si&egrave;cles tous les ouvrages protestants Plusieurs fois revue et corrig&eacute;e, d&#39;Oliv&eacute;tan &agrave; Ostervald, elle s&#39;est acquis sous ce dernier nom une faveur sans &eacute;gale, a pris sa place dans tous nos temples, &agrave; tous nos foyers, dans toutes les m&eacute;moires, et n&#39;a cess&eacute; d&egrave;s lors d&#39;&ecirc;tre &agrave; la fois la plus offerte et la plus demand&eacute;e, m&ecirc;me &agrave; cette heure et depuis la diffusion des traductions nouvelles &agrave; bas prix. C&#39;est en fait, notre v&eacute;ritable et seule version eccl&eacute;siastique et populaire.<br \/>\n<br \/>\nIl nous a sembl&eacute;, apr&egrave;s beaucoup d&#39;autres, qu&#39;il y avait l&agrave;, dans ce pass&eacute; consid&eacute;rable, dans ces longs et pieux services, dans ce ferme attachement des fid&egrave;les, non seulement des titres imposants, mais une puissance dont il serait aussi injuste qu&#39;imprudent de ne pas tenir compte. Il nous a sembl&eacute; qu&#39;une version aussi profond&eacute;ment entr&eacute;e dans nos moeurs et dans notre confiance, pr&eacute;sentait un terrain solide pour des progr&egrave;s imm&eacute;diats et facile-ment acceptables par tous.<br \/>\n<br \/>\nNotre but a donc &eacute;t&eacute; simplement de renouer le fil trop longtemps rompu des R&eacute;visions successives qui ont mis, si&egrave;cle apr&egrave;s si&egrave;cle, cette antique version en &eacute;tat de suffire &agrave; sa t&acirc;che, et faute desquelles elle nous appara&icirc;t maintenant, &ccedil;a et l&agrave;, vieillie, incorrecte et parfois &agrave; peine intelligible. Nous nous sommes propos&eacute;, d&#39;apr&egrave;s la m&eacute;thode qui a toujours pr&eacute;valu chez nos p&egrave;res et que l&#39;Angleterre, I&#39;Am&eacute;rique et l&#39;Allemagne appliquent &eacute;galement &agrave; leurs propres versions, de la maintenir au niveau des progr&egrave;s de la science et des modifications du langage. Heureux si nous pouvons par l&agrave; conserver &agrave; nos &eacute;glises le pr&eacute;cieux avantage d&#39;une version qui, au-dessus ou &agrave; c&ocirc;t&eacute; des pr&eacute;f&eacute;rences individuelles, toujours respectables, soit et demeure la Bible de la grande famille &eacute;vang&eacute;lique fran&ccedil;aise; en qui l&#39;&Eacute;glise se reconnaisse en quelque sorte elle-m&ecirc;me; qu&#39;elle retrouve dans toutes ses chaires; &agrave; laquelle elle renvoie avec s&eacute;curit&eacute; l&#39;incroyant, le pros&eacute;lyte, le faible dans la foi; version mesur&eacute;e et s&ucirc;re; expression, non de la science qui se fait, mais, autant que possible, de la science faite, dans ses r&eacute;sultats av&eacute;r&eacute;s; non des probabilit&eacute;s savantes de demain, mais des certitudes &eacute;prouv&eacute;es d&#39;aujourd&#39;hui; version qui sauvegarde enfin, dans la patrie religieuse, la communaut&eacute; d&#39;une m&ecirc;me langue pour une m&ecirc;me foi.<br \/>\n<br \/>\nC&#39;est dans cette pens&eacute;e que nous nous sommes mis &agrave; l&#39;ouvrage.<br \/>\n<br \/>\nLa R&eacute;vision que nous offrons enfin compl&egrave;te au public, est due &agrave; une double initiative.<br \/>\n<br \/>\nLe Nouveau Testament (1), d&eacute;j&agrave; favorablement connu depuis une dizaine d&#39;ann&eacute;es, est l&#39;&oelig;uvre particuli&egrave;re de M. Ie pasteur Ch. L. Frossard.<br \/>\n<br \/>\nL&#39;Ancien Testament, entrepris sous les auspices de notre Soci&eacute;t&eacute;, est l&#39;&oelig;uvre collective de th&eacute;ologiens et de pasteurs, la plupart d&eacute;sign&eacute;s d&#39;avance, par leur notori&eacute;t&eacute; sp&eacute;ciale, pour une semblable t&acirc;che. Ce sont MM. Ch. Bois, professeur de th&eacute;ologie; P. Bornand, pasteur; Ch. Bruston, professeur de th&eacute;ologie; Ch. Byse, pasteur; P. Chapuis, D. Coussirat, professeurs de th&eacute;ologie; L. Favez, Ch. L. Frossard, feu H. Kruger, Ch. Lauter, E. Le Savoureux, E. Monnier, W. Monod, pasteurs.<br \/>\n<br \/>\nNous livrons aujourd&#39;hui ces travaux &agrave; l&#39;impartiale appr&eacute;ciation de nos fr&egrave;res. Nous attendons de leur part d&#39;utiles observations, et nous saurons en tirer profit.&mdash; ne souhaitant d&#39;ailleurs qu&#39;une chose : c&#39;est que par la faveur de Dieu, cette &oelig;uvre contribue en quelque mesure &agrave; maintenir toujours plus pure et bienfaisante, sur le chandelier de notre &Eacute;glise, la lumi&egrave;re divine qui doit &eacute;clairer la maison tout enti&egrave;re.<\/span><\/p>\n\n<p><span style=\"color:#330066\">LE COMIT&Eacute;.<\/span><\/p>\n\n<p><br \/>\n<br \/>\nNotre but dans cette &eacute;dition n&#39;est pas diff&eacute;rent de celui des pasteurs et professeurs qui nous ont pr&eacute;c&eacute;d&eacute;s. Leur souci reste le n&ocirc;tre : qu&#39;une Bible fid&egrave;le soit dans les mains de nos fid&egrave;les pour apprendre de Celui qui est toujours fid&egrave;le.<br \/>\n<br \/>\nEn ce qui concerne les modifications apport&eacute;es, nous avons &eacute;limin&eacute; les chiffres romains et chang&eacute; la formule du texte &agrave; celle du d&eacute;coupage en versets. Les notes et renvois de la Bible de 1886 sont rassembl&eacute;s &agrave; la fin dans une liste selon la r&eacute;f&eacute;rence biblique, les renvois &eacute;tant not&eacute;s par un ast&eacute;risque dans le texte. Quelques transformations orthographiques ou grammaticales ont &eacute;t&eacute; effectu&eacute;es, et quelques mots d&eacute;suets ont &eacute;t&eacute; am&eacute;lior&eacute;s pour une meilleure compr&eacute;hension. Ces modifications ne sont pas not&eacute;es par des renvois. D&#39;autre part, quelques alt&eacute;rations ont &eacute;t&eacute; port&eacute;es au texte de 1886 pour raison de fid&eacute;lit&eacute; au Texte Re&ccedil;u. Ces modifications sont not&eacute;es par des renvois o&ugrave; figurent les mots exacts de la r&eacute;vision de 1886. Une autre transformation est &agrave; noter : le mot antichrist remplace antechrist de la r&eacute;vision de 1886. Antichrist est la traduction fid&egrave;le du mot grec antichristos, qui signifie contre le ou l&#39;opposant du Christ.<br \/>\n<br \/>\nNous ne pouvons que r&eacute;p&eacute;ter ce que nos pr&eacute;d&eacute;cesseurs ont souhait&eacute; il y a maintenant plus d&#39;un si&egrave;cle. Nous aussi, nous voulons que par la faveur de Dieu, cette &oelig;uvre contribue en quelque mesure &agrave; maintenir toujours plus pure et bienfaisante, sur le chandelier de nos &Eacute;glises, &quot;la lumi&egrave;re divine qui doit &eacute;clairer la maison tout enti&egrave;re.&quot;<br \/>\n<br \/>\nAMEN !<br \/>\n<br \/>\n(1) D&#39;apr&egrave;s l&#39;&eacute;dition gr. in-8&deg;, 1880, c&#39;est-&agrave;-dire avec les derni&egrave;res corrections de l&#39;auteur.<\/p>\n\n<p>Downloaded from <a href=\"http:\/\/ichthus.pompignane.free.fr\/NewFiles\/biboster.html\" target=\"_blank\">http:\/\/ichthus.pompignane.free.fr\/NewFiles\/biboster.html<\/a><\/p>\n\n<p>&nbsp;\n<p><br \/>\nThis Bible imported from The Unbound Bible <a href=\"http:\/\/unbound.biola.edu\/\">http:\/\/unbound.biola.edu\/<\/a><\/p>\n<\/p>\n","lang":"French","lang_short":"fr","copyright":0,"copyright_id":1,"copyright_statement":"","url":null,"citation_limit":0,"restict":0,"italics":0,"strongs":0,"red_letter":0,"paragraph":0,"official":1,"research":0,"hebrew_text_id":null,"greek_text_id":null,"translation_type_id":null,"rank":160,"module_v2":"oster","importer":null,"import_file":null,"delimiter":"|","fields":["book","chapter","verse","text","italics","strongs"]}