{"name":"Biblica\u00ae Bu\u0257a\u0257\u0257en Littafi Mai Tsarki, Sabon Rai Don Kowa\u2122","shortname":"Bu\u0257a\u0257\u0257en Littafi Mai Tsarki","module":"ha_con","year":"2020","publisher":"Biblica, Inc.","owner":"Biblica, Inc.","description":"<h2>Biblica\u00ae Bu\u0257a\u0257\u0257en Littafi Mai Tsarki, Sabon Rai Don Kowa\u2122<\/h2><h2>Hausa: Biblica\u00ae Bu\u0257a\u0257\u0257en Littafi Mai Tsarki, Sabon Rai Don Kowa\u2122 (Bible) of Nigeria<\/h2><p>copyright \u00a9 2020 <a href=\"http:\/\/www.Biblica.com\">Biblica, Inc.<\/a><br>Language: <a href=\"http:\/\/www.ethnologue.org\/language\/hau\">Hausa<\/a><br>Contributor: Biblica, Inc.<br><br>&nbsp;<\/p><p><i>Biblica\u00ae Open Yoruba Contemporary Bible\u2122<\/i><\/p><p><i>Copyright \u00a9 2009, 2017 by Biblica, Inc.<\/i><\/p><p>Used with permission. All rights reserved worldwide.<\/p><p>\u201cBiblica\u201d is a trademark registered in the United States Patent and Trademark Office by Biblica, Inc.&nbsp;Used with permission.<\/p><p>All content on open.bible is made available under a Creative Commons Attribution-ShareAlike 4.0 License (http:\/\/creativecommons.org\/licenses\/by-sa\/4.0\/).<\/p><p>&nbsp;You are free to:<\/p><ul><li>Share \u2014 copy and redistribute the material in any medium or format<\/li><li>Adapt \u2014 remix, transform, and build upon the material for any purpose, even commercially<\/li><\/ul><p>&nbsp;Under the following conditions:<\/p><ul><li>Attribution \u2014 You must attribute the work as follows: \u201cOriginal work available for free at www.biblica.com and open.bible\u201d Attribution statements in derivative works should not in any way suggest that we endorse you or your use of this work.<\/li><li>ShareAlike \u2014 If you remix, transform, or build upon the material, you must distribute your contributions under the same license as the original.<\/li><\/ul><p>Use of trademarks: Biblica\u00ae is a trademark registered in the United States Patent and Trademark Office by Biblica, Inc. and may not be included on any derivative works. Unaltered content from open.bible must include the Biblica\u00ae trademark when distributed to others. If you alter the content in any way, you must remove the Biblica\u00ae trademark before distributing your work.<\/p><p>&nbsp;<\/p><p>This translation is made available to you under the terms of the <a href=\"http:\/\/creativecommons.org\/licenses\/by-sa\/4.0\/\">Creative Commons Attribution Share-Alike license 4.0.<\/a><\/p><p>You have permission to share and redistribute this Bible translation in any format and to make reasonable revisions and adaptations of this translation, provided that:<\/p><ul><li>You include the above copyright and source information.<\/li><li>If you make any changes to the text, you must indicate that you did so in a way that makes it clear that the original licensor is not necessarily endorsing your changes.<\/li><li>If you redistribute this text, you must distribute your contributions under the same license as the original.<\/li><\/ul><p>Pictures included with Scriptures and other documents on this site are licensed just for use with those Scriptures and documents. For other uses, please contact the respective copyright owners.<\/p><p>Note that in addition to the rules above, revising and adapting God's Word involves a great responsibility to be true to God's Word. See Revelation 22:18-19.<\/p>","lang":null,"lang_short":"ha","copyright":0,"copyright_id":7,"copyright_statement":"<p>Copyright \u00a9 2020 <a href=\"http:\/\/www.Biblica.com\">Biblica, Inc.<\/a> &nbsp;Original work available for free at www.biblica.com and open.bible. &nbsp;This Bible is made available under the terms of the Creative Commons Creative Commons Attribution-ShareAlike 4.0 International (CC BY-SA 4.0) license. &nbsp; The terms of this license can be found here &nbsp;This work has been adapted from it's original format to work with Bible SuperSearch. &nbsp;<\/p>","url":null,"citation_limit":0,"restrict":0,"italics":0,"strongs":0,"red_letter":0,"paragraph":0,"official":1,"research":1,"hebrew_text_id":null,"greek_text_id":null,"translation_type_id":null,"rank":1000,"module_v2":null,"module_version":"5.6.20alpha","importer":null,"import_file":null,"delimiter":"|","fields":["book","chapter","verse","text","italics","strongs"]}