{"name":"Schlachter Bibel","shortname":"Schlachter","module":"schlachter","year":"1951","publisher":null,"owner":null,"description":"1951 Schlachter Bibel - Copyrighted; Free non-commercial distribution<br \/><br \/>This Bible imported from MySword <a href='https:\/\/mysword.info\/download-mysword\/bibles'>https:\/\/mysword.info\/download-mysword\/bibles<\/a>","lang":null,"lang_short":"de","copyright":0,"copyright_id":3,"copyright_statement":"","url":null,"citation_limit":0,"restrict":0,"italics":0,"strongs":0,"red_letter":0,"paragraph":0,"official":1,"research":1,"hebrew_text_id":null,"greek_text_id":null,"translation_type_id":null,"rank":1000,"module_v2":null,"module_version":"5.0.0alpha1","importer":null,"import_file":null,"delimiter":"|","fields":["book","chapter","verse","text","italics","strongs"]}