{"name":"Reina Valera G\u00f3mez","shortname":"RVG","module":"rvg","year":"2010","publisher":null,"owner":null,"description":"<b>Reina Valera G\u00f3mez<\/b><br \/>\nDERECHOS RESERVADOS<br \/>\nRights Reserved<br \/>\nCopyright 2010 By Dr. Humberto G\u00f3mez Caballero.<br \/>\nIglesia Bautista Libertad de Matamoros Tam. M\u00e9xico.<br \/>\nP.O. Box 868<br \/>\nBrownsville, Tx 78522<br \/>\nEstados Unidos de Am\u00e9rica.<br \/>\nE Mail humbertogoca@prodigy.net.mx<br \/>\nPh. (956)867-1281 Ph, en Mexico 011-52-8688-140352<br \/><br \/><br \/>\n\nTotalmente prohibido imprimirlo, o reproducirlo con fines de lucro. Los derechos reservados no est\u00e1n de venta y son s\u00f3lo para ampararnos de cualquier organizaci\u00f3n, o persona que quisiera adue\u00f1arse de ella.<br \/>\nToda Iglesia u organizaci\u00f3n que desee imprimirla o reproducirla para su distribuci\u00f3n gratuita tendr\u00e1 la plena libertad de hacerlo sin necesidad de pagar regal\u00edas, siempre y cuando no cambie ninguna de las palabras escritas.<br \/>\nCompletly prohibited to print, or reproduce the text for the purpose of profit. The rights reserved are not for sale, and are only to protect us against any organization, or person that wants to take possession of the text.<br \/>\nAll Churches or organizations that want to print or reproduce it for free distribution have the clear liberty to do so without need to pay royalties, always and when they do not change any of the written words.<br \/>","lang":"","lang_short":"","copyright":1,"copyright_id":null,"citation_limit":0,"restict":0,"italics":0,"strongs":0,"red_letter":0,"paragraph":0,"official":1,"research":0,"hebrew_text_id":null,"greek_text_id":null,"translation_type_id":null,"rank":130,"module_v2":null,"importer":null,"import_file":null,"delimiter":"|","fields":["book","chapter","verse","text","italics","strongs"]}