{"name":"Chinese Union Version \u548c\u5408\u672c - Traditional with Strong's numbers \u7e41\u9ad4\u4e2d\u6587\u7248\u9023\u53f2\u7279\u6717\u7d93\u6587\u6ed9\u7bc7","shortname":"Chinese Union Traditional with Strong's","module":"chinese_union_trad_s","year":"","publisher":null,"owner":null,"description":"Chinese Union Version \u548c\u5408\u672c - Traditional with Strong's numbers \u7e41\u9ad4\u4e2d\u6587\u7248\u9023\u53f2\u7279\u6717\u7d93\u6587\u6ed9\u7bc7<br \/><br \/>This Bible imported from MySword <a href='https:\/\/mysword.info\/download-mysword\/bibles'>https:\/\/mysword.info\/download-mysword\/bibles<\/a>","lang":"","lang_short":"zh","copyright":0,"copyright_id":1,"copyright_statement":"","url":null,"citation_limit":0,"restrict":0,"italics":0,"strongs":0,"red_letter":0,"paragraph":0,"official":1,"research":1,"hebrew_text_id":null,"greek_text_id":null,"translation_type_id":null,"rank":1000,"module_v2":null,"module_version":"5.0.0","importer":null,"import_file":null,"delimiter":"|","fields":["book","chapter","verse","text","italics","strongs"]}