{"name":"La Bible de l'\u00c9p\u00e9e","shortname":"Epee","module":"epee","year":"2005","description":"LA BIBLE DE L'\u00c3\u2030P\u00c3\u2030E \u00c3\u00a9dition TULIPE, 2005<br><p \/><br>Refonte de la Bible de Jean Calvin, 1540, d'apr\u00c3\u00a8s une r\u00c3\u00a9vision du texte de la Bible Ostervald et de celui de la Bible Martin, ajust\u00c3\u00a9e sur la King-James<br>et pr\u00c3\u00a9cis\u00c3\u00a9e sur les Textes Originaux:<br><p \/><br>a) le Texte Massor\u00c3\u00a9tique H\u00c3\u00a9breu pour l'Ancien Testament<br \/><br>b) le Texte Re\u00c3\u00a7u Grec pour le Nouveau Testament<br><p \/><br><br>This Bible imported from The Unbound Bible <a href='http:\/\/unbound.biola.edu\/'>http:\/\/unbound.biola.edu\/<\/a>","lang":"French","lang_short":"fr","copyright":0,"italics":0,"strongs":0,"official":1,"research":0,"rank":150,"module_v2":"epee","delimiter":"|","fields":["book","chapter","verse","text","italics","strongs"]}