{"name":"Gl\u00fcck 8th edition","shortname":"Gl\u00fcck 8th","module":"lv_gluck_8","year":"","publisher":null,"owner":null,"description":"<figure class=\"table\"><table style=\"background-color:rgb(255, 255, 255);\"><tbody><tr><td><br>This Bible was first translated by German Johann Ernst Gl\u00fcck and over the years has been improved until 7th edition in 1898. This Bible was created from 7th edition. However some words currently not in use in Latvian language are replaced by words in use today. Some old words are explained in parentheses. Statements or structure has not been altered.<\/td><\/tr><\/tbody><\/table><\/figure>","lang":null,"lang_short":"lv","copyright":0,"copyright_id":1,"copyright_statement":"","url":null,"citation_limit":0,"restrict":0,"italics":0,"strongs":0,"red_letter":0,"paragraph":0,"official":1,"research":0,"hebrew_text_id":null,"greek_text_id":null,"translation_type_id":null,"rank":1000,"module_v2":null,"module_version":"5.1.5alpha","importer":null,"import_file":null,"delimiter":"|","fields":["book","chapter","verse","text","italics","strongs"]}