{"name":"Textus Receptus Parsed NT","shortname":"TR Parsed","module":"trparsed","year":"1550 \/ 1884","publisher":null,"owner":null,"description":"<b>Greek NT: Textus Receptus (1550\/1894) [Parsed]<\/b><p \/>The Textus Receptus with complete parsing information for all Greek words; base text is Stephens 1550, with variants of Scrivener 1894.<br \/><br \/>This Bible imported from The Unbound Bible <a href='http:\/\/unbound.biola.edu\/'>http:\/\/unbound.biola.edu\/<\/a>","lang":"Greek","lang_short":"grc","copyright":0,"copyright_id":1,"copyright_statement":"","url":null,"citation_limit":0,"restrict":0,"italics":0,"strongs":0,"red_letter":0,"paragraph":0,"official":1,"research":0,"hebrew_text_id":null,"greek_text_id":null,"translation_type_id":null,"rank":90,"module_v2":"trparsed","module_version":"5.6.20alpha","importer":null,"import_file":null,"delimiter":"|","fields":["book","chapter","verse","text","italics","strongs"]}