{"name":"Textus Receptus Parsed NT","shortname":"TR Parsed","module":"trparsed","year":"1550 \/ 1884","description":"<b>Greek NT: Textus Receptus (1550\/1894) [Parsed]<\/b><p \/>The Textus Receptus with complete parsing information for all Greek words; base text is Stephens 1550, with variants of Scrivener 1894.<br \/><br \/>This Bible imported from The Unbound Bible <a href='http:\/\/unbound.biola.edu\/'>http:\/\/unbound.biola.edu\/<\/a>","lang":"Greek","lang_short":"el","copyright":0,"italics":0,"strongs":0,"official":1,"research":0,"rank":90,"module_v2":"trparsed","delimiter":"|","fields":["book","chapter","verse","text","italics","strongs"]}