{"name":"Textus Receptus NT","shortname":"TR","module":"tr","year":"1550 \/ 1884","description":"<b>Greek NT: Textus Receptus (1550\/1894)<\/b><p \/>The Textus Receptus; base text is Stephens 1550, with variants of Scrivener 1894.<br \/><br \/>This Bible imported from The Unbound Bible <a href='http:\/\/unbound.biola.edu\/'>http:\/\/unbound.biola.edu\/<\/a>","lang":"Greek","lang_short":"el","copyright":0,"italics":0,"strongs":0,"official":1,"research":0,"rank":70,"module_v2":"tr","delimiter":"|","fields":["book","chapter","verse","text","italics","strongs"]}