{"name":"Litafi Mai-tsarki","shortname":"Litafi Mai-tsarki","module":"ha_lit","year":"2020","publisher":"Door43 World Missions Community","owner":"Door43 World Missions Community","description":"<h2>Litafi Mai-tsarki<\/h2><h2>The New Testament in the Hausa language of Nigeria<\/h2><p>copyright \u00a9 2020 <a href=\"https:\/\/door43.org\/\">Door43 World Missions Community<\/a><br>Language: <a href=\"http:\/\/www.ethnologue.org\/language\/hau\">Hausa<\/a><br>Translation by: Alakirawa, Bayan, Chrispher Ishaya, Dabere, Dacuhus Timothy Danjuma, Danjay, Danjuma Alfred H, Euang Hediza Naohammed, Franklyn Ukazu Udochukwu, Gideon, Gokop, Habibu, James, Kiash Dachung Butus, Lazarus, Nadaki M. Philip, Nenching, Paul, Rebecca, Rev. Ayuba Taiba, Rev. Cain Yusuf Daniel, Rev. Dalhatu Dambo Ayuba, Rev. Dr. Tambanya Yahaya, Rev. Dr. Yakubu Hassan, Rev. Hannatu Samuel Ndberhukwu, Rev. Ibrahim Kassim, Rev. M. Dan'Amarya, Rev. Yakuba Ayuba<br>Contributor: Dacuhus Timothy Danjuma, Euang Hediza Naohammed, Kiash Dachung Butus, Nadaki M. Philip, Rev. Ayuba Taiba, Rev. Cain Yusuf Daniel, Rev. Dalhatu Dambo Ayuba, Rev. Dr. Tambanya Yahaya, Rev. Dr. Yakubu Hassan, Rev. Hannatu Samuel Ndberhukwu, Rev. Ibrahim Kassim, Rev. M. Dan'Amarya, Rev. Yakuba Ayuba<br>&nbsp;<\/p><p>This translation is made available to you under the terms of the <a href=\"http:\/\/creativecommons.org\/licenses\/by-sa\/4.0\/\">Creative Commons Attribution Share-Alike license 4.0.<\/a><\/p><p>You have permission to share and redistribute this Bible translation in any format and to make reasonable revisions and adaptations of this translation, provided that:<\/p><ul><li>You include the above copyright and source information.<\/li><li>If you make any changes to the text, you must indicate that you did so in a way that makes it clear that the original licensor is not necessarily endorsing your changes.<\/li><li>If you redistribute this text, you must distribute your contributions under the same license as the original.<\/li><\/ul><p>Pictures included with Scriptures and other documents on this site are licensed just for use with those Scriptures and documents. For other uses, please contact the respective copyright owners.<\/p><p>Note that in addition to the rules above, revising and adapting God's Word involves a great responsibility to be true to God's Word. See Revelation 22:18-19.<\/p>","lang":null,"lang_short":"ha","copyright":0,"copyright_id":7,"copyright_statement":"","url":null,"citation_limit":0,"restrict":0,"italics":0,"strongs":0,"red_letter":0,"paragraph":0,"official":1,"research":1,"hebrew_text_id":null,"greek_text_id":null,"translation_type_id":null,"rank":1000,"module_v2":null,"module_version":"5.6.20alpha","importer":null,"import_file":null,"delimiter":"|","fields":["book","chapter","verse","text","italics","strongs"]}