{"name":"Smith Van Dyke","shortname":"SVD","module":"svd","year":"","description":"<html><head><meta http-equiv=\"Content-Type\" content=\"text\/html; charset=UTF-8\"><\/head><body><b>Arabic: Smith & Van Dyke<\/b><p \/>Arabic Bible<br \/>\nTranslated by Smith & Van Dyke, 1865.<\/body><\/html>\r\n<br \/><br \/>This Bible imported from The Unbound Bible <a href='http:\/\/unbound.biola.edu\/'>http:\/\/unbound.biola.edu\/<\/a>","lang":"Arabic","lang_short":"ar","copyright":0,"italics":0,"strongs":0,"official":1,"research":0,"rank":180,"module_v2":"svd","delimiter":"|","fields":["book","chapter","verse","text","italics","strongs"]}